id,title,text,created_utc,created_datetime,author,score,num_comments,upvote_ratio,flair,permalink,url,subreddit,company,sentiment,date
c1f01,NYSE Explains Accenture's $.01 Trade,NYSE Explains Accenture's $.01 Trade ,1273315335.0,2010-05-08 10:42:15,gst,3,0,0.81,,/r/investing/comments/c1f01/nyse_explains_accentures_01_trade/,http://www.businessinsider.com/the-nyse-speaks-with-us-on-electronic-exchanges-market-making-and-accenture-2010-5?utm_source=feedburner&utm_medium=feed&utm_campaign=Feed%3A+clusterstock+%28ClusterStock%29&utm_content=Google+Reader,investing,accenture,0.51432097,2010-05-08
c1ey2,Accenture’s Flash Crash: What’s an “Intermarket Sweep Order” ,Accenture’s Flash Crash: What’s an “Intermarket Sweep Order”  ,1273314838.0,2010-05-08 10:33:58,gst,2,0,1.0,,/r/investing/comments/c1ey2/accentures_flash_crash_whats_an_intermarket_sweep/,http://blogs.wsj.com/marketbeat/2010/05/07/accentures-flash-crash-whats-an-intermarket-sweep-order/,investing,accenture,0.48702598,2010-05-08
c1ewj,"Accenture, Don't Worry: These Stocks Fell to a Penny, or Less ","Accenture, Don't Worry: These Stocks Fell to a Penny, or Less  ",1273314443.0,2010-05-08 10:27:23,gst,4,0,0.84,,/r/investing/comments/c1ewj/accenture_dont_worry_these_stocks_fell_to_a_penny/,http://blogs.wsj.com/marketbeat/2010/05/06/dont-feel-bad-accenture-these-stocks-fell-to-under-a-penny/,investing,accenture,0.48696318,2010-05-08
dzfz9,$50 Amazon Gift Card Giveaway,$50 Amazon Gift Card Giveaway ,1288610325.0,2010-11-01 11:18:45,Jubu1985,0,0,0.33,,/r/FinancialPlanning/comments/dzfz9/50_amazon_gift_card_giveaway/,http://www.financiallypoor.com/announcements/50-amazon-gift-card-giveaway/,FinancialPlanning,amazon,0.49114332,2010-11-01
domlk,Voting Contest: Your Chance to Win $25 at Amazon,Voting Contest: Your Chance to Win $25 at Amazon ,1286556210.0,2010-10-08 16:43:30,Jubu1985,2,0,1.0,,/r/FinancialPlanning/comments/domlk/voting_contest_your_chance_to_win_25_at_amazon/,http://prairieecothrifter.com/2010/10/voting-contest-amazon-gift-card.html,FinancialPlanning,amazon,0.49406204,2010-10-08
djy5d,Amazon Mom Provides Many Benefits Including Free Amazon Prime,Amazon Mom Provides Many Benefits Including Free Amazon Prime ,1285674545.0,2010-09-28 11:49:05,freefrombroke,4,2,0.65,,/r/FinancialPlanning/comments/djy5d/amazon_mom_provides_many_benefits_including_free/,http://freefrombroke.com/2010/09/amazon-mom-free-amazon-prime-discounts.html,FinancialPlanning,amazon,0.501969,2010-09-28
dgohx,Join Amazon Student and get Amazon Prime Free,Join Amazon Student and get Amazon Prime Free ,1285042345.0,2010-09-21 04:12:25,freefrombroke,4,0,1.0,,/r/FinancialPlanning/comments/dgohx/join_amazon_student_and_get_amazon_prime_free/,http://freefrombroke.com/2010/09/join-amazon-student-free-amazon-prime-year.html,FinancialPlanning,amazon,0.49999818,2010-09-21
dfuer,"Reddit, help me invest money wisely.","Reddit, help me invest money wisely. So years ago I began reading ""The Wealthy Barber"" (http://www.amazon.com/Wealthy-Barber-Updated-3rd-Commonsense/dp/0761513116) which is a fantastic intro to basic finance that everybody should read.  Well, years after I started I never finished.  One of the first",1284868329.0,2010-09-19 03:52:09,fishfoot,6,5,1.0,,/r/FinancialPlanning/comments/dfuer/reddit_help_me_invest_money_wisely/,https://www.reddit.com/r/FinancialPlanning/comments/dfuer/reddit_help_me_invest_money_wisely/,FinancialPlanning,amazon,0.48310015,2010-09-19
df07k,Spend American Express Membership Rewards at Amazon,Spend American Express Membership Rewards at Amazon ,1284690994.0,2010-09-17 02:36:34,monsoon4,3,1,1.0,,/r/FinancialPlanning/comments/df07k/spend_american_express_membership_rewards_at/,http://www.bargaineering.com/articles/spend-american-express-membership-rewards-amazon.html,FinancialPlanning,amazon,0.50431067,2010-09-17
dbrlt,FREE - 3 Month Trial to Amazon Prime When You Join Amazon Mom!,FREE - 3 Month Trial to Amazon Prime When You Join Amazon Mom! ,1284064935.0,2010-09-09 20:42:15,ruddigars,4,1,0.7,,/r/FinancialPlanning/comments/dbrlt/free_3_month_trial_to_amazon_prime_when_you_join/,http://knsfinancial.com/free-3-month-trial-to-amazon-prime-when-you-join-amazon-mom/,FinancialPlanning,amazon,0.50442207,2010-09-09
d4z7i,Save on groceries and personal care with Amazon Subscribe and Save - a comprehensive guide,Save on groceries and personal care with Amazon Subscribe and Save - a comprehensive guide ,1282679752.0,2010-08-24 19:55:52,strategyguru,4,0,0.71,,/r/FinancialPlanning/comments/d4z7i/save_on_groceries_and_personal_care_with_amazon/,http://mindyourdecisions.com/blog/2010/01/11/amazon-subscribe-and-save-is-great/,FinancialPlanning,amazon,0.50217164,2010-08-24
bgqel,Making Money with Amazon’s Mechanical Turk | Review,Making Money with Amazon’s Mechanical Turk | Review ,1269283933.0,2010-03-22 18:52:13,e13o13,4,0,0.83,,/r/FinancialPlanning/comments/bgqel/making_money_with_amazons_mechanical_turk_review/,http://www.christianpf.com/amazons-mechanical-turk-review/,FinancialPlanning,amazon,0.48418468,2010-03-22
ch395,Phantom Power Loads: Sneaky Electricity Consumption ,Phantom Power Loads: Sneaky Electricity Consumption  ,1277063700.0,2010-06-20 19:55:00,savingmoneytoday,0,0,0.5,,/r/FinancialPlanning/comments/ch395/phantom_power_loads_sneaky_electricity_consumption/,http://www.rainydaysaver.net/2010/06/phantom-power-loads-sneaky-electricity-consumption.html,FinancialPlanning,american_electric_power,0.48124456,2010-06-20
dnlp8,The U.S. Department of Justice sues American Express,The U.S. Department of Justice sues American Express ,1286378118.0,2010-10-06 15:15:18,Bankrate,6,0,0.75,,/r/economy/comments/dnlp8/the_us_department_of_justice_sues_american_express/,http://www.bankrate.com/financing/credit-cards/doj-sues-american-express/,economy,american_express,0.52202255,2010-10-06
eht9u,The Plum Card from American Express OPEN Review,The Plum Card from American Express OPEN Review ,1291749025.0,2010-12-07 19:10:25,ptmoneyblog,3,0,0.64,,/r/FinancialPlanning/comments/eht9u/the_plum_card_from_american_express_open_review/,http://ptmoney.com/the-plum-card-from-american-express-open-review/,FinancialPlanning,american_express,0.4925608,2010-12-07
dwkus,Review of the American Express Zync Charge Card,Review of the American Express Zync Charge Card ,1288095135.0,2010-10-26 12:12:15,freefrombroke,2,0,0.56,,/r/FinancialPlanning/comments/dwkus/review_of_the_american_express_zync_charge_card/,http://freefrombroke.com/2010/10/zync-card-american-express-review.html?utm_source=feedburner&utm_medium=email&utm_campaign=Feed%3A+FreeFromBroke+%28Free+From+Broke%29,FinancialPlanning,american_express,0.49533048,2010-10-26
df07k,Spend American Express Membership Rewards at Amazon,Spend American Express Membership Rewards at Amazon ,1284690994.0,2010-09-17 02:36:34,monsoon4,3,1,1.0,,/r/FinancialPlanning/comments/df07k/spend_american_express_membership_rewards_at/,http://www.bargaineering.com/articles/spend-american-express-membership-rewards-amazon.html,FinancialPlanning,american_express,0.50431067,2010-09-17
cytft,Thank You American Express Fraud Protection Security Service,Thank You American Express Fraud Protection Security Service ,1281296476.0,2010-08-08 19:41:16,andys2i,6,1,0.88,,/r/FinancialPlanning/comments/cytft/thank_you_american_express_fraud_protection/,http://www.savingtoinvest.com/2010/08/thank-you-american-express-card-fraud-protection-security.html?sms_ss=reddit,FinancialPlanning,american_express,0.4932304,2010-08-08
dnlva,"People Power: European Activism & Constitutional Crises - across Europe there have been co-ordinated general strikes and street demonstrations showing a unity in different countries against austerity proposals, that put to shame the levels of public street activism in the US and Canada. ","People Power: European Activism & Constitutional Crises - across Europe there have been co-ordinated general strikes and street demonstrations showing a unity in different countries against austerity proposals, that put to shame the levels of public street activism in the US and Canada.  ",1286378807.0,2010-10-06 15:26:47,vradul,7,0,0.65,,/r/economy/comments/dnlva/people_power_european_activism_constitutional/,http://www.antemedius.com/content/people-power-european-activism-constitutional-crises,economy,arthur_j._gallagher_&_co.,0.48983002,2010-10-06
bs0nr,Paulson & Co. Not Charged in SEC Suit Against Goldman,Paulson & Co. Not Charged in SEC Suit Against Goldman ,1271453536.0,2010-04-16 21:32:16,thebrightsideoflife,6,0,0.75,,/r/economy/comments/bs0nr/paulson_co_not_charged_in_sec_suit_against_goldman/,http://finance.yahoo.com/banking-budgeting/article/109333/paulson&Co-not-charged-in-sec-suit-against-goldman?mod=bb-budgeting,economy,arthur_j._gallagher_&_co.,0.52361226,2010-04-16
avht6,Mr. Ivandjiiski & Co could be getting too close for comfort: Morgan Stanley looking into legal action against ZeroHedge,Mr. Ivandjiiski & Co could be getting too close for comfort: Morgan Stanley looking into legal action against ZeroHedge ,1264735591.0,2010-01-29 03:26:31,s0ckpuppet,32,9,0.87,,/r/economy/comments/avht6/mr_ivandjiiski_co_could_be_getting_too_close_for/,http://blog.ctnews.com/teribuhl/2010/01/28/breaking-news-morgan-stanley-looking-into-legal-action-against-zerohedge/,economy,arthur_j._gallagher_&_co.,0.5068936,2010-01-29
cc9p2,"Government Desperate. Gold Tax Imminent?  Rest assured that the government will tax the private ownership of gold, and everything else, too, ","Government Desperate. Gold Tax Imminent?  Rest assured that the government will tax the private ownership of gold, and everything else, too,  ",1275906945.0,2010-06-07 10:35:45,Rhiannon,0,0,0.5,,/r/investing/comments/cc9p2/government_desperate_gold_tax_imminent_rest/,http://www.lewrockwell.com/daughty/mogambo48.1.html,investing,assurant,0.5004359,2010-06-07
dbr6o,Bank of America MyAccess Checking Account Monthly Fees Being Reinstated for Accounts Opened Online,Bank of America MyAccess Checking Account Monthly Fees Being Reinstated for Accounts Opened Online ,1284063217.0,2010-09-09 20:13:37,monsoon4,7,2,1.0,,/r/FinancialPlanning/comments/dbr6o/bank_of_america_myaccess_checking_account_monthly/,http://www.maximizingmoney.com/cash-bonus-offers/bank-of-america-myaccess-checking-account-monthly-fees-being-reinstated-for-accounts-opened-online/,FinancialPlanning,bank_of_america,0.5116347,2010-09-09
bxvg9,How Many Bank Of America Customer Service Reps Does It Take To Close An Account?,How Many Bank Of America Customer Service Reps Does It Take To Close An Account? ,1272553191.0,2010-04-29 14:59:51,ande1352,7,0,0.78,,/r/FinancialPlanning/comments/bxvg9/how_many_bank_of_america_customer_service_reps/,http://www.biblemoneymatters.com/2010/04/how-many-bank-of-america-customer-service-reps-does-it-take-to-close-an-account.html,FinancialPlanning,bank_of_america,0.49270803,2010-04-29
en3yv,"Facts on the Ground Vs. Government Reports. Best Buy, Retail Sales, PPI, CPI, and Cramerica [6min Video Analysis]","Facts on the Ground Vs. Government Reports. Best Buy, Retail Sales, PPI, CPI, and Cramerica [6min Video Analysis] ",1292543923.0,2010-12-16 23:58:43,Kranky_Old_Dude,1,0,0.6,,/r/economy/comments/en3yv/facts_on_the_ground_vs_government_reports_best/,http://www.youtube.com/watch?v=03tV3_vsTRo&feature=player_embedded,economy,best_buy,0.48310536,2010-12-16
aq4ta,"Government, Education, and MBA corporate America Tribal Wisdom","Government, Education, and MBA corporate America Tribal Wisdom 

The tribal wisdom of the Cherokee Indians, passed on from generation to generation, says that, ""When you discover that you are riding a dead horse, the best strategy is to dismount and get a different horse.

However, in government, ed",1263586346.0,2010-01-15 20:12:26,leevs11,0,0,0.5,,/r/economy/comments/aq4ta/government_education_and_mba_corporate_america/,https://www.reddit.com/r/economy/comments/aq4ta/government_education_and_mba_corporate_america/,economy,best_buy,0.48294085,2010-01-15
e8h09,"Norway Central Bank Owns 7.5% of BlackRock, one of the world's largest money managers with $3.45 trillion assets under management.","Norway Central Bank Owns 7.5% of BlackRock, one of the world's largest money managers with $3.45 trillion assets under management. ",1290139534.0,2010-11-19 04:05:34,eyeofthestorm,5,0,0.73,,/r/economy/comments/e8h09/norway_central_bank_owns_75_of_blackrock_one_of/,http://online.wsj.com/article/SB10001424052748704104104575622293107445442.html,economy,blackrock,0.50523823,2010-11-19
auek1,"Commercial Real Estate and Tishman and Blackrock Walking Away from a $4.4 Billion CRE Deal. How to Lose 66 Percent on an 11,000 Unit Property. Why Walking Away from CRE is no different from Walking Away from Residential Real Estate.","Commercial Real Estate and Tishman and Blackrock Walking Away from a $4.4 Billion CRE Deal. How to Lose 66 Percent on an 11,000 Unit Property. Why Walking Away from CRE is no different from Walking Away from Residential Real Estate. ",1264526589.0,2010-01-26 17:23:09,ComradeUSA,6,0,0.67,,/r/economy/comments/auek1/commercial_real_estate_and_tishman_and_blackrock/,http://www.mybudget360.com/commercial-real-estate-and-tishman-and-blackrock-walking-away-from-a-44-billion-cre-deal-how-to-lose-66-percent-on-an-11000-unit-property-why-walking-away-from-cre-is-no-different-from-walking/,economy,blackrock,0.5034142,2010-01-26
ct005,"We're the student finance reference center for college finance solutions. With our help, making the complex independent financial decisions necessary to fund your collegiate experience will be much easier.","We're the student finance reference center for college finance solutions. With our help, making the complex independent financial decisions necessary to fund your collegiate experience will be much easier. ",1279913795.0,2010-07-23 19:36:35,readytoreddit31,0,1,0.5,,/r/FinancialPlanning/comments/ct005/were_the_student_finance_reference_center_for/,http://www.studentfinancedomain.com/,FinancialPlanning,broadridge_financial_solutions,0.4959977,2010-07-23
eitpq,The Lost Ads of “A Charlie Brown Christmas” Of Yesteryear (1960 Video - 2 minutes),The Lost Ads of “A Charlie Brown Christmas” Of Yesteryear (1960 Video - 2 minutes) ,1291883625.0,2010-12-09 08:33:45,Kranky_Old_Dude,2,0,0.75,,/r/economy/comments/eitpq/the_lost_ads_of_a_charlie_brown_christmas_of/,http://www.disinfo.com/2010/12/videos-show-secret-charlie-brown-ads-and-christmas-scenes/,economy,brown_&_brown,0.489984,2010-12-09
drwd0,Time to Break Up the Too-big-to-Fail Banks? by Ellen Brown + The Daily Show: Foreclosure Crisis,Time to Break Up the Too-big-to-Fail Banks? by Ellen Brown + The Daily Show: Foreclosure Crisis ,1287194806.0,2010-10-16 02:06:46,jack_alexander,1,0,0.55,,/r/economy/comments/drwd0/time_to_break_up_the_toobigtofail_banks_by_ellen/,http://dandelionsalad.wordpress.com/2010/10/15/time-to-break-up-the-too-big-to-fail-banks-by-ellen-brown-the-daily-show-foreclosure-crisis/,economy,brown_&_brown,0.4861767,2010-10-16
c2g2i,Gordon Brown resigns: Pound plunges against the dollar as markets express horror at Lib-Lab coalition talks,Gordon Brown resigns: Pound plunges against the dollar as markets express horror at Lib-Lab coalition talks ,1273557248.0,2010-05-11 05:54:08,igeldard,5,1,0.63,,/r/economy/comments/c2g2i/gordon_brown_resigns_pound_plunges_against_the/,http://www.dailymail.co.uk/news/election/article-1276721/Gordon-Brown-resigns-Pound-plunges-dollar-markets-express-horror-Lib-Lab-coalition-talks.html?ITO=1490,economy,brown_&_brown,0.5020963,2010-05-11
bl1q8,"UK Treasury Relases FOIA On Gordon Brown's 1998 Gold Sale, Catches Tony Blair Lying, Questions US Treasury's Good Delivery Standards","UK Treasury Relases FOIA On Gordon Brown's 1998 Gold Sale, Catches Tony Blair Lying, Questions US Treasury's Good Delivery Standards ",1270104003.0,2010-04-01 06:40:03,gst,20,1,0.74,,/r/economy/comments/bl1q8/uk_treasury_relases_foia_on_gordon_browns_1998/,http://www.zerohedge.com/article/uk-treasury-relases-foia-gordon-browns-1998-gold-sale-catches-tony-blair-lying-questions-us-,economy,brown_&_brown,0.50569993,2010-04-01
bhx8x,Did Gordon Brown Sell UK's Gold To Keep AIG And Rothschild Solvent; More Disclosures On How The NY Fed Manipulates Gold Prices ,Did Gordon Brown Sell UK's Gold To Keep AIG And Rothschild Solvent; More Disclosures On How The NY Fed Manipulates Gold Prices  ,1269496011.0,2010-03-25 05:46:51,gst,23,0,0.75,,/r/economy/comments/bhx8x/did_gordon_brown_sell_uks_gold_to_keep_aig_and/,http://www.zerohedge.com/article/did-gordon-brown-sell-uks-gold-keep-aig-and-rothschild-solvent-more-disclosures-how-ny-fed-m,economy,brown_&_brown,0.49974766,2010-03-25
atd91,I was just wondering what you thought of my essay,"I was just wondering what you thought of my essay I live in London, and have just started studying for an economics degree. I thought I'd post the essay I wrote for fun today just to hear any feedback...


Following the 1934 Congressional elections, just one year after Roosevelt's inauguration
his p",1264284068.0,2010-01-23 22:01:08,lisanumberone,0,1,0.47,,/r/economy/comments/atd91/i_was_just_wondering_what_you_thought_of_my_essay/,https://www.reddit.com/r/economy/comments/atd91/i_was_just_wondering_what_you_thought_of_my_essay/,economy,brown_&_brown,0.48378873,2010-01-23
e8cr5,"Documentary - Quants, the Alchemists of Wall Street | Interviewed are the math wizards and computer programmers in the engine room of our global financial system who designed the financial products that almost crashed Wall St.","Documentary - Quants, the Alchemists of Wall Street | Interviewed are the math wizards and computer programmers in the engine room of our global financial system who designed the financial products that almost crashed Wall St. ",1290121269.0,2010-11-18 23:01:09,Kranky_Old_Dude,1,0,0.6,,/r/economy/comments/e8cr5/documentary_quants_the_alchemists_of_wall_street/,http://www.youtube.com/watch?v=ed2FWNWwE3I,economy,cadence_design_systems,0.48018664,2010-11-18
cgubu,FDIC flashes code red – Banking system insolvent and expecting more bank failures. Since 2008 247 banks with $616 billion in assets have failed. History of Federal Reserve designed to protect the big banks.,FDIC flashes code red – Banking system insolvent and expecting more bank failures. Since 2008 247 banks with $616 billion in assets have failed. History of Federal Reserve designed to protect the big banks. ,1276982009.0,2010-06-19 21:13:29,ComradeUSA,5,4,0.63,,/r/economy/comments/cgubu/fdic_flashes_code_red_banking_system_insolvent/,http://www.mybudget360.com/fdic-flashes-code-red-banking-system-on-brink-hundreds-of-additional-bank-failures-fdic-insolvent-fed-bailouts-coming/,economy,cadence_design_systems,0.50019276,2010-06-19
c8bn3,Resume Tips For Finance Tech Folk,"Resume Tips For Finance Tech Folk Hey guys and gals,

My co-worker Pat at Andiamo Partners wrote this blog for Unlockwallstreet.com...It's useful for those of you in search of jobs.Here's my favorite quote:

""While revising your resume, be sure to make mention of any real-time systems you have worke",1274888781.0,2010-05-26 15:46:21,michaellee240,1,1,1.0,,/r/economy/comments/c8bn3/resume_tips_for_finance_tech_folk/,https://www.reddit.com/r/economy/comments/c8bn3/resume_tips_for_finance_tech_folk/,economy,cadence_design_systems,0.48789802,2010-05-26
beqo3,The Anti-Savings Model – Offer 0.1% APY on Savings Accounts and Charge 15% on Credit Cards. A System Designed to Punish Savers and Encourage Extravagant Spending via Usury.,The Anti-Savings Model – Offer 0.1% APY on Savings Accounts and Charge 15% on Credit Cards. A System Designed to Punish Savers and Encourage Extravagant Spending via Usury. ,1268866210.0,2010-03-17 22:50:10,ComradeUSA,35,9,0.75,,/r/economy/comments/beqo3/the_antisavings_model_offer_01_apy_on_savings/,http://www.mybudget360.com/the-anti-savings-model-%e2%80%93-offer-0-1-apy-on-savings-accounts-and-charge-15-on-credit-cards-a-system-designed-to-punish-savers-and-encourage-extravagant-spending-via-usury/,economy,cadence_design_systems,0.5008684,2010-03-17
eqqbn,My Wealth Builder: The Wealth Builder Carnival #20,My Wealth Builder: The Wealth Builder Carnival #20 ,1293157142.0,2010-12-24 02:19:02,freefrombroke,2,0,0.75,,/r/FinancialPlanning/comments/eqqbn/my_wealth_builder_the_wealth_builder_carnival_20/,http://my-wealth-builder.blogspot.com/2010/12/wealth-builder-carnival-20.html,FinancialPlanning,carnival,0.4981447,2010-12-24
eosi8,Carnival of Money Stories: Christmas Stories Edition,Carnival of Money Stories: Christmas Stories Edition ,1292858323.0,2010-12-20 15:18:43,freefrombroke,2,0,0.62,,/r/FinancialPlanning/comments/eosi8/carnival_of_money_stories_christmas_stories/,http://ptmoney.com/christmas-stories/,FinancialPlanning,carnival,0.48439306,2010-12-20
eosdb,Dollar Matters: Carnival of Personal Finance #288,Dollar Matters: Carnival of Personal Finance #288 ,1292857776.0,2010-12-20 15:09:36,freefrombroke,1,0,0.6,,/r/FinancialPlanning/comments/eosdb/dollar_matters_carnival_of_personal_finance_288/,http://financialhighway.com/dollar-matters-carnival-of-personal-finance-288/,FinancialPlanning,carnival,0.49113595,2010-12-20
el1tl,Carnival of Personal Finance | Mighty Bargain Hunter,Carnival of Personal Finance | Mighty Bargain Hunter ,1292254964.0,2010-12-13 15:42:44,beatingbroke,3,0,0.72,,/r/FinancialPlanning/comments/el1tl/carnival_of_personal_finance_mighty_bargain_hunter/,http://www.mightybargainhunter.com/2010/12/13/welcome-to-this-weeks-carnival-of-personal-finance/,FinancialPlanning,carnival,0.4920853,2010-12-13
ehbsg,Carnival of Personal Finance #286- Check Your Math Edition | Prairie EcoThrifter.com,Carnival of Personal Finance #286- Check Your Math Edition | Prairie EcoThrifter.com ,1291680805.0,2010-12-07 00:13:25,freefrombroke,2,0,0.75,,/r/FinancialPlanning/comments/ehbsg/carnival_of_personal_finance_286_check_your_math/,http://prairieecothrifter.com/2010/12/carnival-of-personal-finance-286-check-your-math-edition.html,FinancialPlanning,carnival,0.49611828,2010-12-07
ehbpb,Welcome to the Best of Money Carnival | Mighty Bargain Hunter,Welcome to the Best of Money Carnival | Mighty Bargain Hunter ,1291680477.0,2010-12-07 00:07:57,freefrombroke,1,0,1.0,,/r/FinancialPlanning/comments/ehbpb/welcome_to_the_best_of_money_carnival_mighty/,http://www.mightybargainhunter.com/2010/12/06/best-of-money-carnival-2010/,FinancialPlanning,carnival,0.49191654,2010-12-07
egjqi,Yakezie Carnival – December Hustle and Memories | Money Reasons,Yakezie Carnival – December Hustle and Memories | Money Reasons ,1291559156.0,2010-12-05 14:25:56,freefrombroke,6,0,1.0,,/r/FinancialPlanning/comments/egjqi/yakezie_carnival_december_hustle_and_memories/,http://www.moneyreasons.com/2010/12/yakezie-carnival-december-hustle-and-memories/,FinancialPlanning,carnival,0.4941216,2010-12-05
edt6x,I was posted on this weeks Carnival of Personal Finance – Edition #285,I was posted on this weeks Carnival of Personal Finance – Edition #285 ,1291106040.0,2010-11-30 08:34:00,uhnw,1,0,1.0,,/r/FinancialPlanning/comments/edt6x/i_was_posted_on_this_weeks_carnival_of_personal/,http://www.uhnw.com.au/2010/11/i-was-posted-on-this-weeks-carnival-of-personal-finance-edition-285/,FinancialPlanning,carnival,0.48191875,2010-11-30
ednhy,Carnival of Money Stories #82 – Funny Weight Loss Tips « Budgeting In the Fun Stuff,Carnival of Money Stories #82 – Funny Weight Loss Tips « Budgeting In the Fun Stuff ,1291081746.0,2010-11-30 01:49:06,freefrombroke,1,0,0.66,,/r/FinancialPlanning/comments/ednhy/carnival_of_money_stories_82_funny_weight_loss/,http://www.budgetinginthefunstuff.com/2010/11/carnival-of-money-stories-82-funny-weight-loss-tips/,FinancialPlanning,carnival,0.4840319,2010-11-30
edngk,The Best of Money Carnival,The Best of Money Carnival ,1291081570.0,2010-11-30 01:46:10,freefrombroke,2,0,0.67,,/r/FinancialPlanning/comments/edngk/the_best_of_money_carnival/,http://www.lifecompassblog.com/2010/11/best-of-money-carnival/,FinancialPlanning,carnival,0.49468246,2010-11-30
edkv8,Carnival of Personal Finance #285 – Google Search Money Stories Edition,Carnival of Personal Finance #285 – Google Search Money Stories Edition ,1291072129.0,2010-11-29 23:08:49,freefrombroke,3,0,1.0,,/r/FinancialPlanning/comments/edkv8/carnival_of_personal_finance_285_google_search/,http://www.realmofprosperity.com/2010/11/carnival-of-personal-finance-google-search-money-stories-edition/,FinancialPlanning,carnival,0.4922303,2010-11-29
ebguq,My Wealth Builder: The Wealth Builder Carnival #16,My Wealth Builder: The Wealth Builder Carnival #16 ,1290658325.0,2010-11-25 04:12:05,freefrombroke,1,0,0.6,,/r/FinancialPlanning/comments/ebguq/my_wealth_builder_the_wealth_builder_carnival_16/,http://my-wealth-builder.blogspot.com/2010/11/wealth-builder-carnival-16.html,FinancialPlanning,carnival,0.49751526,2010-11-25
e9x6p,Carnival of Personal Finance #284: Thanksgiving Preparation Edition,Carnival of Personal Finance #284: Thanksgiving Preparation Edition ,1290431996.0,2010-11-22 13:19:56,freefrombroke,6,0,0.76,,/r/FinancialPlanning/comments/e9x6p/carnival_of_personal_finance_284_thanksgiving/,http://sweatingthebigstuff.com/carnival-of-personal-finance-284-thanksgiving-preparation-edition/,FinancialPlanning,carnival,0.48796642,2010-11-22
e9wt3,Carnival of Wealth #13 – Nov 21 2010 Edition — Personal Dividends,Carnival of Wealth #13 – Nov 21 2010 Edition — Personal Dividends ,1290429882.0,2010-11-22 12:44:42,freefrombroke,4,0,0.71,,/r/FinancialPlanning/comments/e9wt3/carnival_of_wealth_13_nov_21_2010_edition/,http://personaldividends.com/news/admin/carnival-of-wealth-13-nov-21-2010-edition,FinancialPlanning,carnival,0.48499689,2010-11-22
e9h6o,Canadian Finance Carnival #11 - Canadian Finance Blog,Canadian Finance Carnival #11 - Canadian Finance Blog ,1290346321.0,2010-11-21 13:32:01,freefrombroke,2,0,0.67,,/r/FinancialPlanning/comments/e9h6o/canadian_finance_carnival_11_canadian_finance_blog/,http://canadianfinanceblog.com/2010/11/21/canadian-finance-carnival-11.htm,FinancialPlanning,carnival,0.49589178,2010-11-21
e7wqn,My Wealth Builder: The Wealth Builder Carnival #15,My Wealth Builder: The Wealth Builder Carnival #15 ,1290053360.0,2010-11-18 04:09:20,freefrombroke,1,0,0.66,,/r/FinancialPlanning/comments/e7wqn/my_wealth_builder_the_wealth_builder_carnival_15/,http://my-wealth-builder.blogspot.com/2010/11/wealth-builder-carnival-15.html,FinancialPlanning,carnival,0.4969261,2010-11-18
e6o0p,SimplyForties: Carnival of Personal Finance #283,SimplyForties: Carnival of Personal Finance #283 ,1289866313.0,2010-11-16 00:11:53,freefrombroke,2,0,0.75,,/r/FinancialPlanning/comments/e6o0p/simplyforties_carnival_of_personal_finance_283/,http://www.simplyforties.com/2010/11/carnival-of-personal-finance-283.html,FinancialPlanning,carnival,0.49187782,2010-11-16
e6e0e,Yakezie Personal Finance Carnival: Dream Edition,Yakezie Personal Finance Carnival: Dream Edition ,1289832299.0,2010-11-15 14:44:59,everydaytips,6,0,0.81,,/r/FinancialPlanning/comments/e6e0e/yakezie_personal_finance_carnival_dream_edition/,http://www.roshawnwatson.com/2010/11/yakezie-personal-finance-carnival-dream.html,FinancialPlanning,carnival,0.5031464,2010-11-15
e6cux,Carnival of Wealth #12 – Nov 14 2010 Edition,Carnival of Wealth #12 – Nov 14 2010 Edition ,1289826418.0,2010-11-15 13:06:58,freefrombroke,1,0,0.6,,/r/FinancialPlanning/comments/e6cux/carnival_of_wealth_12_nov_14_2010_edition/,http://personaldividends.com/news/admin/carnival-of-wealth-12-nov-14-2010-edition,FinancialPlanning,carnival,0.4869142,2010-11-15
e01tu,Yakezie Carnival,Yakezie Carnival ,1288707527.0,2010-11-02 14:18:47,beatingbroke,5,0,1.0,,/r/FinancialPlanning/comments/e01tu/yakezie_carnival/,http://thesavedquarter.com/2010/11/01/yakezie-carnival/,FinancialPlanning,carnival,0.4933773,2010-11-02
e00mb,Carnival of Money Stories - Halloween Aftermath Edition,Carnival of Money Stories - Halloween Aftermath Edition ,1288702466.0,2010-11-02 12:54:26,LiveRealNow,1,0,0.67,,/r/FinancialPlanning/comments/e00mb/carnival_of_money_stories_halloween_aftermath/,http://liverealnow.net/carnival-of-money-stories-halloween-aftermat-edition/,FinancialPlanning,carnival,0.4842201,2010-11-02
dzza3,Tax Carnival #76: Election Day 2010 - Don't Mess With Taxes,Tax Carnival #76: Election Day 2010 - Don't Mess With Taxes ,1288694500.0,2010-11-02 10:41:40,freefrombroke,2,0,0.67,,/r/FinancialPlanning/comments/dzza3/tax_carnival_76_election_day_2010_dont_mess_with/,http://dontmesswithtaxes.typepad.com/dont_mess_with_taxes/2010/11/tax-carnival-76-election-day-2010.html,FinancialPlanning,carnival,0.5000476,2010-11-02
dzsap,Carnival of Debt Reduction » No Credit Needed - Debt Reduction Rocks – We Are Living Debt Free!,Carnival of Debt Reduction » No Credit Needed - Debt Reduction Rocks – We Are Living Debt Free! ,1288658846.0,2010-11-02 00:47:26,freefrombroke,1,0,0.66,,/r/FinancialPlanning/comments/dzsap/carnival_of_debt_reduction_no_credit_needed_debt/,http://www.ncnblog.com/2010/11/01/carnival-of-debt-reduction-6/,FinancialPlanning,carnival,0.48345363,2010-11-02
dzhjr,Best of Money Carnival- My Favorite Money Quote Edition,Best of Money Carnival- My Favorite Money Quote Edition ,1288619010.0,2010-11-01 13:43:30,freefrombroke,2,0,0.75,,/r/FinancialPlanning/comments/dzhjr/best_of_money_carnival_my_favorite_money_quote/,http://www.thefinancialblogger.com/best-of-money-carnival-my-favorite-money-quote-edition/,FinancialPlanning,carnival,0.4969304,2010-11-01
dzhh5,Carnival of Personal Finance #281: Halloween Candy Edition,Carnival of Personal Finance #281: Halloween Candy Edition ,1288618688.0,2010-11-01 13:38:08,freefrombroke,1,0,0.66,,/r/FinancialPlanning/comments/dzhh5/carnival_of_personal_finance_281_halloween_candy/,http://www.consumerismcommentary.com/carnival-personal-finance-281-halloween-candy/,FinancialPlanning,carnival,0.49085498,2010-11-01
dxy6n,Carnival of Money Stories #77 – Halloween Edition,Carnival of Money Stories #77 – Halloween Edition ,1288305023.0,2010-10-28 22:30:23,freefrombroke,2,0,0.75,,/r/FinancialPlanning/comments/dxy6n/carnival_of_money_stories_77_halloween_edition/,http://canadianfinanceblog.com/2010/10/25/carnival-of-money-stories-77-halloween-edition.htm,FinancialPlanning,carnival,0.4839661,2010-10-28
dw17l,280th Carnival of Personal Finance,280th Carnival of Personal Finance ,1288009158.0,2010-10-25 12:19:18,freefrombroke,5,0,0.86,,/r/FinancialPlanning/comments/dw17l/280th_carnival_of_personal_finance/,http://cashmoneylife.com/2010/10/25/280th-carnival-of-personal-finance/,FinancialPlanning,carnival,0.48416054,2010-10-25
dthln,279th Carnival of Personal Finance,279th Carnival of Personal Finance ,1287519194.0,2010-10-19 20:13:14,doughr,3,0,1.0,,/r/FinancialPlanning/comments/dthln/279th_carnival_of_personal_finance/,http://www.doughroller.net/personal-finance/279th-carnival-of-personal-finance/,FinancialPlanning,carnival,0.4841083,2010-10-19
dssru,Best of Money Carnival #73: Cigar Guy is Everywhere Edition,Best of Money Carnival #73: Cigar Guy is Everywhere Edition ,1287410985.0,2010-10-18 14:09:45,freefrombroke,4,0,0.67,,/r/FinancialPlanning/comments/dssru/best_of_money_carnival_73_cigar_guy_is_everywhere/,http://www.redeemingriches.com/2010/10/18/best-of-money-carnival-73-cigar-guy-is-everywhere-edition/,FinancialPlanning,carnival,0.50096065,2010-10-18
dsreq,Carnival of Money Stories #76,Carnival of Money Stories #76 ,1287404510.0,2010-10-18 12:21:50,freefrombroke,3,0,1.0,,/r/FinancialPlanning/comments/dsreq/carnival_of_money_stories_76/,http://www.richlyreasonable.com/blog/2010/10/carnival-of-money-stories-76.html,FinancialPlanning,carnival,0.48357025,2010-10-18
dsr2s,Carnival of Wealth #8 – Oct 17 2010 Edition,Carnival of Wealth #8 – Oct 17 2010 Edition ,1287402432.0,2010-10-18 11:47:12,freefrombroke,3,0,0.8,,/r/FinancialPlanning/comments/dsr2s/carnival_of_wealth_8_oct_17_2010_edition/,http://personaldividends.com/news/admin/carnival-of-wealth-8-oct-17-2010-edition,FinancialPlanning,carnival,0.48774603,2010-10-18
dsd9d,Canadian Finance Carnival #6,Canadian Finance Carnival #6 ,1287320897.0,2010-10-17 13:08:17,freefrombroke,2,0,0.75,,/r/FinancialPlanning/comments/dsd9d/canadian_finance_carnival_6/,http://canadianfinanceblog.com/2010/10/17/canadian-finance-carnival-6.htm,FinancialPlanning,carnival,0.49179766,2010-10-17
dqe9z,My Wealth Builder: The Wealth Builder Carnival #10,My Wealth Builder: The Wealth Builder Carnival #10 ,1286923087.0,2010-10-12 22:38:07,freefrombroke,1,0,0.66,,/r/FinancialPlanning/comments/dqe9z/my_wealth_builder_the_wealth_builder_carnival_10/,http://my-wealth-builder.blogspot.com/2010/10/wealth-builder-carnival-10.html,FinancialPlanning,carnival,0.49910653,2010-10-12
dpodq,Free Money Finance: Carnival of Money Stories,Free Money Finance: Carnival of Money Stories ,1286798747.0,2010-10-11 12:05:47,freefrombroke,5,0,0.99,,/r/FinancialPlanning/comments/dpodq/free_money_finance_carnival_of_money_stories/,http://www.freemoneyfinance.com/2010/10/carnival-of-money-stories.html,FinancialPlanning,carnival,0.48992088,2010-10-11
dpobd,Carnival of Personal Finance #278 – Thanksgiving Edition,Carnival of Personal Finance #278 – Thanksgiving Edition ,1286798273.0,2010-10-11 11:57:53,freefrombroke,4,0,0.83,,/r/FinancialPlanning/comments/dpobd/carnival_of_personal_finance_278_thanksgiving/,http://canadianfinanceblog.com/2010/10/11/carnival-of-personal-finance-278-thanksgiving-edition.htm,FinancialPlanning,carnival,0.48620388,2010-10-11
dmoow,"Carnival of Personal Finance, Oktoberfest Edition - Alpha Consumer","Carnival of Personal Finance, Oktoberfest Edition - Alpha Consumer ",1286211931.0,2010-10-04 17:05:31,Jubu1985,3,0,0.67,,/r/FinancialPlanning/comments/dmoow/carnival_of_personal_finance_oktoberfest_edition/,http://money.usnews.com/money/blogs/alpha-consumer/2010/10/4/carnival-of-personal-finance-oktoberfest-edition.html,FinancialPlanning,carnival,0.48651165,2010-10-04
dln04,Shout Out: ‘Carnival of Personal Finance: Little Red Riding Hood Edition’ - It's Your Money - TIME.com,Shout Out: ‘Carnival of Personal Finance: Little Red Riding Hood Edition’ - It's Your Money - TIME.com ,1285962201.0,2010-10-01 19:43:21,LiveRealNow,1,0,0.6,,/r/FinancialPlanning/comments/dln04/shout_out_carnival_of_personal_finance_little_red/,http://money.blogs.time.com/2010/10/01/shout-out-carnival-of-personal-finance-little-red-riding-hood-edition/,FinancialPlanning,carnival,0.49491474,2010-10-01
dk7rl,My Wealth Builder: The Wealth Builder Carnival #8,My Wealth Builder: The Wealth Builder Carnival #8 ,1285712685.0,2010-09-28 22:24:45,freefrombroke,2,0,1.0,,/r/FinancialPlanning/comments/dk7rl/my_wealth_builder_the_wealth_builder_carnival_8/,http://my-wealth-builder.blogspot.com/2010/09/wealth-builder-carnival-8.html,FinancialPlanning,carnival,0.49854127,2010-09-28
dji64,Carnival of Money Stories: the Afternoon Tea Edition,Carnival of Money Stories: the Afternoon Tea Edition ,1285598642.0,2010-09-27 14:44:02,freefrombroke,0,0,0.5,,/r/FinancialPlanning/comments/dji64/carnival_of_money_stories_the_afternoon_tea/,http://www.miss-thrifty.co.uk/2010/09/27/carnival-of-money-stories-the-afternoon-tea-edition/,FinancialPlanning,carnival,0.48596832,2010-09-27
dj6q2,Canadian Finance Carnival #3,Canadian Finance Carnival #3 ,1285533084.0,2010-09-26 20:31:24,freefrombroke,1,0,0.6,,/r/FinancialPlanning/comments/dj6q2/canadian_finance_carnival_3/,http://canadianfinanceblog.com/2010/09/26/canadian-finance-carnival-3.htm,FinancialPlanning,carnival,0.492861,2010-09-26
dj6lq,The Yakezie Carnival Comes To Town,The Yakezie Carnival Comes To Town ,1285532478.0,2010-09-26 20:21:18,freefrombroke,6,0,0.8,,/r/FinancialPlanning/comments/dj6lq/the_yakezie_carnival_comes_to_town/,http://savingmoneytoday.net/2010/the-yakezie-carnival-comes-to-town/,FinancialPlanning,carnival,0.49263138,2010-09-26
diqbr,"Carnival of Financial Planning – Edition #158 – September 25, 2010","Carnival of Financial Planning – Edition #158 – September 25, 2010 ",1285419506.0,2010-09-25 12:58:26,freefrombroke,0,0,0.5,,/r/FinancialPlanning/comments/diqbr/carnival_of_financial_planning_edition_158/,http://personalfinancebythebook.com/carnival-of-financial-planning-edition-158-september-25-2010/,FinancialPlanning,carnival,0.4891116,2010-09-25
dh5m3,My Wealth Builder: The Wealth Builder Carnival #7,My Wealth Builder: The Wealth Builder Carnival #7 ,1285124294.0,2010-09-22 02:58:14,freefrombroke,1,0,0.6,,/r/FinancialPlanning/comments/dh5m3/my_wealth_builder_the_wealth_builder_carnival_7/,http://my-wealth-builder.blogspot.com/2010/09/wealth-builder-carnival-7.html,FinancialPlanning,carnival,0.4986465,2010-09-22
dgbht,Carnival of Personal Finance #275: School House Rock Edition,Carnival of Personal Finance #275: School House Rock Edition ,1284985182.0,2010-09-20 12:19:42,freefrombroke,4,0,0.75,,/r/FinancialPlanning/comments/dgbht/carnival_of_personal_finance_275_school_house/,http://investorjunkie.com/3235/carnival-of-personal-finance-275/,FinancialPlanning,carnival,0.4948127,2010-09-20
dfydx,The Yakezie Personal Finance Carnival-The Millionaire Nurse Edition,The Yakezie Personal Finance Carnival-The Millionaire Nurse Edition ,1284904865.0,2010-09-19 14:01:05,freefrombroke,3,0,1.0,,/r/FinancialPlanning/comments/dfydx/the_yakezie_personal_finance_carnivalthe/,http://blog.themillionairenurse.com/2010/09/19/the-yakezie-personal-finance-carnival-the-millionaire-nurse-edition/,FinancialPlanning,carnival,0.4935005,2010-09-19
der17,Christian Finance Carnival 2 - Developing a Heart of Compassion Edition,Christian Finance Carnival 2 - Developing a Heart of Compassion Edition ,1284652513.0,2010-09-16 15:55:13,RedeemingRiches,2,0,0.55,,/r/FinancialPlanning/comments/der17/christian_finance_carnival_2_developing_a_heart/,http://www.redeemingriches.com/2010/09/15/christian-finance-carnival-2-developing-a-heart-of-compassion-edition/,FinancialPlanning,carnival,0.49808845,2010-09-16
ddgru,Carnival of Money Stories #71 – 9/13 Edition,Carnival of Money Stories #71 – 9/13 Edition ,1284428070.0,2010-09-14 01:34:30,freefrombroke,1,0,0.66,,/r/FinancialPlanning/comments/ddgru/carnival_of_money_stories_71_913_edition/,http://www.complexsearch.com/blog/carnival-of-money-stories-71-913-edition/,FinancialPlanning,carnival,0.48490265,2010-09-14
ddeni,Carnival of Personal Finance #274: I Love NY Edition,Carnival of Personal Finance #274: I Love NY Edition ,1284417450.0,2010-09-13 22:37:30,freefrombroke,1,0,0.66,,/r/FinancialPlanning/comments/ddeni/carnival_of_personal_finance_274_i_love_ny_edition/,http://www.danielleliss.com/2010/09/carnival-of-personal-finance-274-i-love-new-york-edition.html,FinancialPlanning,carnival,0.4911491,2010-09-13
dd5ub,Yakezie Carnival | Engineer Your Finances,Yakezie Carnival | Engineer Your Finances ,1284379493.0,2010-09-13 12:04:53,freefrombroke,2,0,1.0,,/r/FinancialPlanning/comments/dd5ub/yakezie_carnival_engineer_your_finances/,http://www.engineeryourfinances.com/2010/09/yakezie-carnival/,FinancialPlanning,carnival,0.48911452,2010-09-13
dd5f4,Best of Money Carnival #68,Best of Money Carnival #68 ,1284376817.0,2010-09-13 11:20:17,freefrombroke,1,0,0.6,,/r/FinancialPlanning/comments/dd5f4/best_of_money_carnival_68/,http://liverealnow.net/best-of-money-carnival-68/,FinancialPlanning,carnival,0.49683908,2010-09-13
dct4z,Canadian Finance Carnival #1,Canadian Finance Carnival #1 ,1284300379.0,2010-09-12 14:06:19,freefrombroke,3,0,0.8,,/r/FinancialPlanning/comments/dct4z/canadian_finance_carnival_1/,http://canadianfinanceblog.com/2010/09/12/canadian-finance-carnival-1.htm,FinancialPlanning,carnival,0.49444956,2010-09-12
dco5n,Carnival of Wealth #3 – The Emergency Fund Edition,Carnival of Wealth #3 – The Emergency Fund Edition ,1284255329.0,2010-09-12 01:35:29,freefrombroke,3,1,0.67,,/r/FinancialPlanning/comments/dco5n/carnival_of_wealth_3_the_emergency_fund_edition/,http://personaldividends.com/news/admin/carnival-of-wealth-3-the-emergency-fund-edition,FinancialPlanning,carnival,0.4933742,2010-09-12
dchce,Carnival of Financial Planning - Edition #157: Eliminate Consumer Debt and Build Wealth,Carnival of Financial Planning - Edition #157: Eliminate Consumer Debt and Build Wealth ,1284211311.0,2010-09-11 13:21:51,freefrombroke,3,1,0.71,,/r/FinancialPlanning/comments/dchce/carnival_of_financial_planning_edition_157/,http://www.roshawnwatson.com/2010/09/carnival-of-financial-planning-edition.html,FinancialPlanning,carnival,0.49509746,2010-09-11
dar6s,The Wealth Builder Carnival #5,The Wealth Builder Carnival #5 ,1283888826.0,2010-09-07 19:47:06,freefrombroke,2,0,1.0,,/r/FinancialPlanning/comments/dar6s/the_wealth_builder_carnival_5/,http://my-wealth-builder.blogspot.com/2010/09/wealth-builder-carnival-5.html,FinancialPlanning,carnival,0.49202096,2010-09-07
dar4q,"Carnival of Wealth #2 – September 7, 2010","Carnival of Wealth #2 – September 7, 2010 ",1283888616.0,2010-09-07 19:43:36,freefrombroke,2,0,0.75,,/r/FinancialPlanning/comments/dar4q/carnival_of_wealth_2_september_7_2010/,http://personaldividends.com/news/admin/carnival-of-wealth-2-september-7-2010,FinancialPlanning,carnival,0.5000126,2010-09-07
da85f,Carnival of Personal Finance #273 – Labor Day Edition,Carnival of Personal Finance #273 – Labor Day Edition ,1283788590.0,2010-09-06 15:56:30,freefrombroke,0,0,0.5,,/r/FinancialPlanning/comments/da85f/carnival_of_personal_finance_273_labor_day_edition/,http://sustainablelifeblog.com/2010/09/06/carnival-of-personal-finance-273-labor-day-edition/,FinancialPlanning,carnival,0.48569348,2010-09-06
da1bw,Best of Money Carnival #67,Best of Money Carnival #67 ,1283742638.0,2010-09-06 03:10:38,freefrombroke,3,0,0.8,,/r/FinancialPlanning/comments/da1bw/best_of_money_carnival_67/,http://www.mattaboutmoney.com/2010/09/05/best-of-money-carnival-67/,FinancialPlanning,carnival,0.49685645,2010-09-06
d8wzl,Yakezie Challenge Blog Carnival,Yakezie Challenge Blog Carnival ,1283470236.0,2010-09-02 23:30:36,Jubu1985,7,0,0.76,,/r/FinancialPlanning/comments/d8wzl/yakezie_challenge_blog_carnival/,http://www.aspiringmillionaire.com/2010/09/yakezie-challenge-blog-carnival.html,FinancialPlanning,carnival,0.49500585,2010-09-02
d7ooh,My Wealth Builder: The Wealth Builder Carnival #4,My Wealth Builder: The Wealth Builder Carnival #4 ,1283258871.0,2010-08-31 12:47:51,freefrombroke,2,0,0.67,,/r/FinancialPlanning/comments/d7ooh/my_wealth_builder_the_wealth_builder_carnival_4/,http://my-wealth-builder.blogspot.com/2010/08/wealth-builder-carnival-4.html,FinancialPlanning,carnival,0.49914345,2010-08-31
d7dmt,Carnival of Money Stories #69: Summer Vacation Edition,Carnival of Money Stories #69: Summer Vacation Edition ,1283198613.0,2010-08-30 20:03:33,freefrombroke,5,0,0.86,,/r/FinancialPlanning/comments/d7dmt/carnival_of_money_stories_69_summer_vacation/,http://squirrelers.com/2010/08/30/carnival-of-money-stories-69-summer-vacation-edition/,FinancialPlanning,carnival,0.48570952,2010-08-30
d77ao,Best of Money Carnival #66,Best of Money Carnival #66 ,1283172876.0,2010-08-30 12:54:36,freefrombroke,3,0,0.72,,/r/FinancialPlanning/comments/d77ao/best_of_money_carnival_66/,http://personalfinancebythebook.com/best-of-money-carnival-66/,FinancialPlanning,carnival,0.49801797,2010-08-30
d779b,Carnival of Personal Finance #272 – Yogi Berra Edition!,Carnival of Personal Finance #272 – Yogi Berra Edition! ,1283172628.0,2010-08-30 12:50:28,freefrombroke,4,0,0.71,,/r/FinancialPlanning/comments/d779b/carnival_of_personal_finance_272_yogi_berra/,http://www.budgetinginthefunstuff.com/2010/08/carnival-of-personal-finance-272-yogo-berra-edition/,FinancialPlanning,carnival,0.4924101,2010-08-30
d6vz7,Yakezie Carnival: The Next Challenge Edition,Yakezie Carnival: The Next Challenge Edition ,1283099723.0,2010-08-29 16:35:23,freefrombroke,3,0,0.81,,/r/FinancialPlanning/comments/d6vz7/yakezie_carnival_the_next_challenge_edition/,http://cooltobefrugal.com/yakezie-carnival/,FinancialPlanning,carnival,0.515198,2010-08-29
d4fvk,Best Of Money Carnival,Best Of Money Carnival ,1282576330.0,2010-08-23 15:12:10,smartonmoney,0,0,0.5,,/r/FinancialPlanning/comments/d4fvk/best_of_money_carnival/,http://www.biblemoneymatters.com/2010/08/best-of-money-carnival-64.html,FinancialPlanning,carnival,0.4956443,2010-08-23
d3f7s,"Carnival of Financial Planning – Edition #154 – August 20, 2010","Carnival of Financial Planning – Edition #154 – August 20, 2010 ",1282308195.0,2010-08-20 12:43:15,freefrombroke,2,0,1.0,,/r/FinancialPlanning/comments/d3f7s/carnival_of_financial_planning_edition_154_august/,http://mytradersjournal.com/stock-options/2010/08/20/carnival-of-financial-planning-edition-154-august-20-2010/,FinancialPlanning,carnival,0.48962793,2010-08-20
cymub,"Carnival of Wealth – August 7, 2010 Edition","Carnival of Wealth – August 7, 2010 Edition ",1281234049.0,2010-08-08 02:20:49,freefrombroke,4,0,0.68,,/r/FinancialPlanning/comments/cymub/carnival_of_wealth_august_7_2010_edition/,http://personaldividends.com/news/admin/carnival-of-wealth-august-7-2010-edition,FinancialPlanning,carnival,0.494869,2010-08-08
cra4h,Carnival of Personal Finance: Gettin’ Hot in Here Edition,Carnival of Personal Finance: Gettin’ Hot in Here Edition ,1279559922.0,2010-07-19 17:18:42,jms1225,3,0,0.81,,/r/FinancialPlanning/comments/cra4h/carnival_of_personal_finance_gettin_hot_in_here/,http://www.nerdwallet.com/blog/2010/carnival-of-personal-finance-gettin-hot-in-here-edition/,FinancialPlanning,carnival,0.4888059,2010-07-19
ccexz,Best of Money Carnival,Best of Money Carnival ,1275934590.0,2010-06-07 18:16:30,freefrombroke,2,0,1.0,,/r/FinancialPlanning/comments/ccexz/best_of_money_carnival/,http://www.mydollarplan.com/best-of-money-carnival/,FinancialPlanning,carnival,0.4956443,2010-06-07
cc0eo,Yakezie Carnival @ Beating Broke,Yakezie Carnival @ Beating Broke ,1275835361.0,2010-06-06 14:42:41,freefrombroke,6,0,0.8,,/r/FinancialPlanning/comments/cc0eo/yakezie_carnival_beating_broke/,http://www.beatingbroke.com/yakezie-carnival/comment-page-1/#comment-983,FinancialPlanning,carnival,0.49747634,2010-06-06
cbi0b,Free Money Finance: Carnival of Financial Planning - Edition #144,Free Money Finance: Carnival of Financial Planning - Edition #144 ,1275674021.0,2010-06-04 17:53:41,freefrombroke,6,0,0.88,,/r/FinancialPlanning/comments/cbi0b/free_money_finance_carnival_of_financial_planning/,http://www.freemoneyfinance.com/2010/06/carnival-of-financial-planning-edition-144.html,FinancialPlanning,carnival,0.49014357,2010-06-04
caho9,Money Hackers Carnival - The BBQ Edition,Money Hackers Carnival - The BBQ Edition ,1275451779.0,2010-06-02 04:09:39,savingmoneytoday,7,0,1.0,,/r/FinancialPlanning/comments/caho9/money_hackers_carnival_the_bbq_edition/,http://savingmoneytoday.net/2010/money-hackers-carnival-the-bbq-edition/,FinancialPlanning,carnival,0.4996723,2010-06-02
c8sue,Money Hackers Carnival #117: Wedding & Marriage Edition,Money Hackers Carnival #117: Wedding & Marriage Edition ,1274991269.0,2010-05-27 20:14:29,jms1225,3,0,1.0,,/r/FinancialPlanning/comments/c8sue/money_hackers_carnival_117_wedding_marriage/,http://www.engineeryourfinances.com/2010/05/money-hackers-carnival-117-wedding-marriage-edition/,FinancialPlanning,carnival,0.49699962,2010-05-27
c56lb,Carnival of Money Stories: Monopoly Edition,Carnival of Money Stories: Monopoly Edition ,1274110812.0,2010-05-17 15:40:12,freefrombroke,3,0,1.0,,/r/FinancialPlanning/comments/c56lb/carnival_of_money_stories_monopoly_edition/,http://personalfinancejourney.com/2010/05/carnival-of-money-stories-monopoly-edition/,FinancialPlanning,carnival,0.49728733,2010-05-17
c56i0,Carnival of Personal Finance #257,Carnival of Personal Finance #257 ,1274110456.0,2010-05-17 15:34:16,freefrombroke,3,0,1.0,,/r/FinancialPlanning/comments/c56i0/carnival_of_personal_finance_257/,http://canadianfinanceblog.com/2010/05/17/carnival-of-personal-finance-257-canadian-banknotes-edition.htm,FinancialPlanning,carnival,0.49173534,2010-05-17
c0e1v,Money Hacks Carnival - Hollywood Edition (Brought to You By NerdWallet Credit Card Watch),Money Hacks Carnival - Hollywood Edition (Brought to You By NerdWallet Credit Card Watch) ,1273071468.0,2010-05-05 14:57:48,nerdwallet,0,0,0.5,,/r/FinancialPlanning/comments/c0e1v/money_hacks_carnival_hollywood_edition_brought_to/,http://www.nerdwallet.com/blog/2010/money-hacks-carnival-114/,FinancialPlanning,carnival,0.49717933,2010-05-05
bzfn0,Best of Money Carnival #49 - Canadian Finance Blog,Best of Money Carnival #49 - Canadian Finance Blog ,1272897949.0,2010-05-03 14:45:49,freefrombroke,5,0,1.0,,/r/FinancialPlanning/comments/bzfn0/best_of_money_carnival_49_canadian_finance_blog/,http://canadianfinanceblog.com/2010/05/03/best-of-money-carnival-49.htm,FinancialPlanning,carnival,0.49764773,2010-05-03
bgjta,Carnival Of Personal Finance #249: Who’s Awesomest? Pirates Vs Ninjas Vs Nuns Vs Robots Vs Real Estate Agents Vs Zombies,Carnival Of Personal Finance #249: Who’s Awesomest? Pirates Vs Ninjas Vs Nuns Vs Robots Vs Real Estate Agents Vs Zombies ,1269257168.0,2010-03-22 11:26:08,freefrombroke,4,0,0.83,,/r/FinancialPlanning/comments/bgjta/carnival_of_personal_finance_249_whos_awesomest/,http://amateurassetallocator.com/2010/03/22/carnival-of-personal-finance-249-whos-awesomest-pirates-vs-ninjas-vs-nuns-vs-robots-vs-real-estate-agents-vs-zombies/,FinancialPlanning,carnival,0.48237967,2010-03-22
bd82b,Yakezie Carnival #3: Benefits Edition,Yakezie Carnival #3: Benefits Edition ,1268573770.0,2010-03-14 13:36:10,danielpacker,3,0,0.68,,/r/FinancialPlanning/comments/bd82b/yakezie_carnival_3_benefits_edition/,http://sweatingthebigstuff.com/2010/03/14/yakezie-carnival-3-benefits-edition/,FinancialPlanning,carnival,0.50429416,2010-03-14
bapvs,Carnival of Personal Finance: Women in History Edition,Carnival of Personal Finance: Women in History Edition ,1268065031.0,2010-03-08 16:17:11,jms1225,3,0,0.81,,/r/FinancialPlanning/comments/bapvs/carnival_of_personal_finance_women_in_history/,http://www.simplyforties.com/2010/03/carnival-of-personal-finance-women-in.html,FinancialPlanning,carnival,0.4868303,2010-03-08
atx60,The 241st Carnival of Personal Finance,The 241st Carnival of Personal Finance ,1264432148.0,2010-01-25 15:09:08,jms1225,4,0,1.0,,/r/FinancialPlanning/comments/atx60/the_241st_carnival_of_personal_finance/,http://www.myjourneytomillions.com/articles/241st-carnival-personal-finance/,FinancialPlanning,carnival,0.48258018,2010-01-25
am7nv,Money Hacks Carnival #99 – Farewell Tim Tebow Edition,Money Hacks Carnival #99 – Farewell Tim Tebow Edition ,1262777611.0,2010-01-06 11:33:31,freefrombroke,1,0,1.0,,/r/FinancialPlanning/comments/am7nv/money_hacks_carnival_99_farewell_tim_tebow_edition/,http://20smoney.com/2010/01/06/money-hacks-carnival-99/,FinancialPlanning,carnival,0.4928726,2010-01-06
alcu2,Carnival of Money Stories- New Year’s 2010 Edition,Carnival of Money Stories- New Year’s 2010 Edition ,1262608046.0,2010-01-04 12:27:26,freefrombroke,2,0,1.0,,/r/FinancialPlanning/comments/alcu2/carnival_of_money_stories_new_years_2010_edition/,http://consumerboomer.com/carnival-of-money-stories-new-years-2010-edition/,FinancialPlanning,carnival,0.48082626,2010-01-04
e6cw1,The Cisco in the Coal Mine - Forbes,The Cisco in the Coal Mine - Forbes ,1289826612.0,2010-11-15 13:10:12,yellowking,12,1,0.77,,/r/economy/comments/e6cw1/the_cisco_in_the_coal_mine_forbes/,http://blogs.forbes.com/mikemalone/2010/11/15/the-cisco-in-the-coal-mine/,economy,cisco,0.4835502,2010-11-15
ehj0x,"U.S. exits Citigroup stake and earns $12 billion profit
| Reuters","U.S. exits Citigroup stake and earns $12 billion profit
| Reuters ",1291706638.0,2010-12-07 07:23:58,bronyraur,28,19,0.84,,/r/economy/comments/ehj0x/us_exits_citigroup_stake_and_earns_12_billion/,http://www.reuters.com/article/idUSTRE6B55KP20101207?utm_source=feedburner&utm_medium=feed&utm_campaign=Feed:+reuters/businessNews+(News+/+US+/+Business+News),economy,citigroup,0.49290165,2010-12-07
e08e8,Citigroups Toxic Mortgage Pipeline Could Mean Mammoth Put-Back Risks.,Citigroups Toxic Mortgage Pipeline Could Mean Mammoth Put-Back Risks. ,1288729600.0,2010-11-02 20:26:40,reeds1999,5,1,0.63,,/r/economy/comments/e08e8/citigroups_toxic_mortgage_pipeline_could_mean/,http://finance.yahoo.com/news/Citigroups-Toxic-Mortgage-cnbc-2855256330.html;_ylt=ApZgOrbn0eSCkfFnp5Tz8hi7YWsA;_ylu=X3oDMTE1bmhxaGppBHBvcwM1BHNlYwN0b3BTdG9yaWVzBHNsawNjaXRpZ3JvdXBzdG8-?x=0&sec=topStories&pos=2&asset=&ccode=,economy,citigroup,0.49315497,2010-11-02
d65lq,Analyst: CITIGROUP 'Cooking the Books',Analyst: CITIGROUP 'Cooking the Books' ,1282919193.0,2010-08-27 14:26:33,massive_cock,23,5,0.85,,/r/economy/comments/d65lq/analyst_citigroup_cooking_the_books/,http://www.foxbusiness.com/markets/2010/08/25/analyst-citigroup-cooking-books/,economy,citigroup,0.4923986,2010-08-27
csvpx,"US Treasury To Dump More Citigroup Shares, Perhaps Fearing The Impact Of Financial Reform","US Treasury To Dump More Citigroup Shares, Perhaps Fearing The Impact Of Financial Reform ",1279894189.0,2010-07-23 14:09:49,247wallst,1,0,1.0,,/r/economy/comments/csvpx/us_treasury_to_dump_more_citigroup_shares_perhaps/,http://247wallst.com/2010/07/23/us-treasury-to-dump-more-citigroup-shares-perhaps-fearing-the-impact-of-financial-reform/,economy,citigroup,0.50157803,2010-07-23
ck495,"Volcker Rule May Give Goldman, Citigroup Until 2022 to Comply (do you get 10+yrs to comply?)","Volcker Rule May Give Goldman, Citigroup Until 2022 to Comply (do you get 10+yrs to comply?) ",1277813896.0,2010-06-29 12:18:16,thebrightsideoflife,35,0,0.8,,/r/economy/comments/ck495/volcker_rule_may_give_goldman_citigroup_until/,http://www.bloomberg.com/news/2010-06-29/volcker-rule-may-give-goldman-sachs-citigroup-until-2022-to-curb-funds.html,economy,citigroup,0.5088361,2010-06-29
c1o05,Citigroup denies rumors of a fat-fingered trader,Citigroup denies rumors of a fat-fingered trader ,1273382535.0,2010-05-09 05:22:15,invisibleralph,5,0,0.73,,/r/economy/comments/c1o05/citigroup_denies_rumors_of_a_fatfingered_trader/,http://money.cnn.com/2010/05/07/news/companies/citigroup_rumors/index.htm,economy,citigroup,0.5057797,2010-05-09
bacdj,Citigroup 10-16-2005: Characterizing the U.S. Plutonomy.,Citigroup 10-16-2005: Characterizing the U.S. Plutonomy. ,1267981620.0,2010-03-07 17:07:00,fangolo,0,1,0.5,,/r/economy/comments/bacdj/citigroup_10162005_characterizing_the_us_plutonomy/,http://www.scribd.com/doc/6674234/Citigroup-Oct-16-2005-Plutonomy-Report-Part-1,economy,citigroup,0.47852024,2010-03-07
aqhvj,"Do or die for Citigroup: Perform or perish, Saudi Prince tells Vikram Pandit","Do or die for Citigroup: Perform or perish, Saudi Prince tells Vikram Pandit ",1263682965.0,2010-01-16 23:02:45,s0ckpuppet,1,1,0.57,,/r/economy/comments/aqhvj/do_or_die_for_citigroup_perform_or_perish_saudi/,http://www.business-standard.com/india/news/perform-or-perish-saudi-prince-tells-vikram-pandit/83288/on,economy,citigroup,0.49360535,2010-01-16
eee5e,"Comcast: Pay Or No Play (NFLX, CMCSA) ","Comcast: Pay Or No Play (NFLX, CMCSA)  ",1291190797.0,2010-12-01 08:06:37,gst,3,0,0.66,,/r/investing/comments/eee5e/comcast_pay_or_no_play_nflx_cmcsa/,http://market-ticker.org/akcs-www?singlepost=2286782,investing,comcast,0.503443,2010-12-01
eiuap,"Comcast: The Bully Only the FCC Can Stop - ""why is Comcast raising customer rates in the middle of a recession? - Comcast is a cyber bully""","Comcast: The Bully Only the FCC Can Stop - ""why is Comcast raising customer rates in the middle of a recession? - Comcast is a cyber bully"" ",1291886868.0,2010-12-09 09:27:48,Kranky_Old_Dude,28,5,0.77,,/r/economy/comments/eiuap/comcast_the_bully_only_the_fcc_can_stop_why_is/,http://www.stopbigmedia.com/blog/2010/12/comcast-the-bully-only-the-fcc-can-stop/,economy,comcast,0.4931671,2010-12-09
czn0u,Is Costco’s Lifetime Return Policy a Scam?,Is Costco’s Lifetime Return Policy a Scam? ,1281470631.0,2010-08-10 20:03:51,doughr,3,0,1.0,,/r/FinancialPlanning/comments/czn0u/is_costcos_lifetime_return_policy_a_scam/,http://www.doughroller.net/personal-finance/is-costcos-lifetime-return-policy-a-scam/,FinancialPlanning,costco,0.49807408,2010-08-10
dr3hu,"Report Snipes at TARP Ties to Fannie & Freddie - 
The U.S. Treasury Department has relied heavily on private companies & troubled mortgage giants Fannie Mae & Freddie Mac to manage the $700 billion Wall Street bailout","Report Snipes at TARP Ties to Fannie & Freddie - 
The U.S. Treasury Department has relied heavily on private companies & troubled mortgage giants Fannie Mae & Freddie Mac to manage the $700 billion Wall Street bailout ",1287050302.0,2010-10-14 09:58:22,anutensil,3,0,0.67,,/r/economy/comments/dr3hu/report_snipes_at_tarp_ties_to_fannie_freddie_the/,http://dealbook.blogs.nytimes.com/2010/10/14/report-snipes-at-tarp-ties-to-fannie-and-freddie/?src=twr,economy,deere_&_company,0.49148646,2010-10-14
eoqma,"Desperation Sets In: More Than 100,000 People Apply For Low Paying Flight Attendant Positions With Delta Air Lines","Desperation Sets In: More Than 100,000 People Apply For Low Paying Flight Attendant Positions With Delta Air Lines ",1292849090.0,2010-12-20 12:44:50,antiall2,39,15,0.71,,/r/economy/comments/eoqma/desperation_sets_in_more_than_100000_people_apply/,http://inteldaily.com/2010/12/desperation-sets-in-more-than-100000-people-apply-for-low-paying-flight-attendant-positions-with-delta-air-lines/,economy,delta_air_lines,0.50190336,2010-12-20
ef19a,"Delta Air Lines is Hiring 1,000 New Flight Attendants; More Than 100,000 Applied
","Delta Air Lines is Hiring 1,000 New Flight Attendants; More Than 100,000 Applied
 ",1291291499.0,2010-12-02 12:04:59,secaa23,12,0,0.77,,/r/economy/comments/ef19a/delta_air_lines_is_hiring_1000_new_flight/,http://abcnews.go.com/Travel/delta-air-lines-hiring-1000-flight-attendants-international/story?id=12279939,economy,delta_air_lines,0.50047094,2010-12-02
c1eyq,Chicago markets caught in domino effect,Chicago markets caught in domino effect ,1273314973.0,2010-05-08 10:36:13,gst,2,0,1.0,,/r/investing/comments/c1eyq/chicago_markets_caught_in_domino_effect/,http://www.istockanalyst.com/article/viewiStockNews/articleid/4099313,investing,domino's,0.49438488,2010-05-08
c2yjj,PIIGS Win. Bankers Win. Voters Lose. - The day a major central bank really does stabilize money is the day that the dominoes really will fall. The rollovers will at last end.,PIIGS Win. Bankers Win. Voters Lose. - The day a major central bank really does stabilize money is the day that the dominoes really will fall. The rollovers will at last end. ,1273645261.0,2010-05-12 06:21:01,gst,0,0,0.5,,/r/economy/comments/c2yjj/piigs_win_bankers_win_voters_lose_the_day_a_major/,http://www.lewrockwell.com/north/north842.html,economy,domino's,0.49630237,2010-05-12
bv7on,Greece's Role in the Economic Domino Theory,Greece's Role in the Economic Domino Theory ,1272042808.0,2010-04-23 17:13:28,gst,0,0,0.5,,/r/economy/comments/bv7on/greeces_role_in_the_economic_domino_theory/,http://www.minyanville.com/businessmarkets/articles/greece-greek-bailout-spain-portugal-gdp/4/23/2010/id/27943,economy,domino's,0.49367166,2010-04-23
b07go,When the Dominos Fall!,When the Dominos Fall! ,1265777093.0,2010-02-10 04:44:53,gst,3,2,0.62,,/r/economy/comments/b07go/when_the_dominos_fall/,http://www.safehaven.com/article-15762.htm,economy,domino's,0.4750462,2010-02-10
ayjik,"Goldman: If Greece Is Handled Wrong, All Of Southern Europe Will Fall Like Dominos And 30% Of Euro GDP Would Be At Risk","Goldman: If Greece Is Handled Wrong, All Of Southern Europe Will Fall Like Dominos And 30% Of Euro GDP Would Be At Risk ",1265393260.0,2010-02-05 18:07:40,gst,8,1,0.73,,/r/economy/comments/ayjik/goldman_if_greece_is_handled_wrong_all_of/,http://www.businessinsider.com/goldman-if-they-get-greece-wrong-all-of-southern-europe-will-fall-like-dominos-and-30-of-euro-gdp-would-be-at-risk-2010-2?utm_source=feedburner&utm_medium=feed&utm_campaign=Feed%3A+clusterstock+%28ClusterStock%29&utm_content=Google+Reader,economy,domino's,0.49549383,2010-02-05
cd15i,Energy and Chemical Companies Help Give the Market a Lift,Energy and Chemical Companies Help Give the Market a Lift ,1276065715.0,2010-06-09 06:41:55,GoldenHeart19,0,0,0.5,,/r/economy/comments/cd15i/energy_and_chemical_companies_help_give_the/,http://www.nytimes.com/2010/06/09/business/09markets.html?hp&ex=&ei=&partner=,economy,eastman_chemical_company,0.4993107,2010-06-09
dev52,"FedEx doubles quarterly profit, plans job cuts","FedEx doubles quarterly profit, plans job cuts ",1284667873.0,2010-09-16 20:11:13,thebrightsideoflife,12,3,0.77,,/r/economy/comments/dev52/fedex_doubles_quarterly_profit_plans_job_cuts/,http://www.marketwatch.com/story/fedex-doubles-quarterly-profit-but-plans-job-cuts-2010-09-16?dist=countdown,economy,fedex,0.4952654,2010-09-16
byr2d,First Solar – a follow-up post the result - Such is the life of a short-seller. ,First Solar – a follow-up post the result - Such is the life of a short-seller.  ,1272727989.0,2010-05-01 15:33:09,gst,6,0,1.0,,/r/investing/comments/byr2d/first_solar_a_followup_post_the_result_such_is/,http://brontecapital.blogspot.com/2010/04/first-solar-follow-up-post-result.html?utm_source=feedburner&utm_medium=feed&utm_campaign=Feed%3A+BronteCapital+%28Bronte+Capital%29&utm_content=Google+Reader,investing,first_solar,0.4911986,2010-05-01
bss5g,Why I Am Short First Solar ,Why I Am Short First Solar  ,1271629028.0,2010-04-18 22:17:08,gst,0,1,0.5,,/r/investing/comments/bss5g/why_i_am_short_first_solar/,http://www.greentechmedia.com/articles/read/why-i-am-short-first-solar,investing,first_solar,0.48069182,2010-04-18
cmhne,Freeport McMoRan Copper and Gold Inc offer Long Term Investment Opportunity,Freeport McMoRan Copper and Gold Inc offer Long Term Investment Opportunity ,1278427024.0,2010-07-06 14:37:04,Absilon,0,0,0.5,,/r/investing/comments/cmhne/freeport_mcmoran_copper_and_gold_inc_offer_long/,http://PassiveIncomeInvestor.com/dividend-stocks/freeport-mcmoran-copper-and-gold-inc-offer-long-term-investment-opportunity/,investing,freeport-mcmoran,0.5053995,2010-07-06
e6yui,Access to General Motors stock offering won't include many of its rescuers,Access to General Motors stock offering won't include many of its rescuers ,1289918325.0,2010-11-16 14:38:45,vajav,0,1,0.5,,/r/economy/comments/e6yui/access_to_general_motors_stock_offering_wont/,"http://www.latimes.com/business/la-fi-gm-ipo-20101116,0,4755071.story?track=rss&utm_source=feedburner&utm_medium=feed&utm_campaign=Feed%3A+latimes%2Fmostviewed+%28L.A.+Times+-+Most+Viewed+Stories%29",economy,general_motors,0.50389737,2010-11-16
e9vxk,"Confusion over General Motors Stock >Old stock holders, you are still screwed.","Confusion over General Motors Stock >Old stock holders, you are still screwed. ",1290423926.0,2010-11-22 11:05:26,grandhommecajun,2,0,0.63,,/r/FinancialPlanning/comments/e9vxk/confusion_over_general_motors_stock_old_stock/,http://michaeljamesmoney.blogspot.com/2010/11/confusion-over-general-motors-stock.html,FinancialPlanning,general_motors,0.48411745,2010-11-22
edrv1,Good News!?! - Hotels Attract JPMorgan & others as Loan Recoveries Beat Other Properties - Bloomberg,Good News!?! - Hotels Attract JPMorgan & others as Loan Recoveries Beat Other Properties - Bloomberg ,1291099080.0,2010-11-30 06:38:00,Kranky_Old_Dude,0,0,0.5,,/r/economy/comments/edrv1/good_news_hotels_attract_jpmorgan_others_as_loan/,http://www.bloomberg.com/news/2010-11-29/banks-increase-hotel-financing-as-loan-recovery-beats-all-u-s-properties.html,economy,host_hotels_&_resorts,0.50387365,2010-11-30
aoz3x,IBM Chief Points to 'Resource Constraints',IBM Chief Points to 'Resource Constraints' ,1263363017.0,2010-01-13 06:10:17,silpol,2,0,0.67,,/r/economy/comments/aoz3x/ibm_chief_points_to_resource_constraints/,http://online.wsj.com/article/SB10001424052748704586504574655002299324212.html,economy,ibm,0.48558518,2010-01-13
c0he4,"IBM, Exxon, Chevron, Increase Dividends","IBM, Exxon, Chevron, Increase Dividends ",1273088647.0,2010-05-05 19:44:07,Absilon,1,0,1.0,,/r/FinancialPlanning/comments/c0he4/ibm_exxon_chevron_increase_dividends/,http://PassiveIncomeInvestor.com/dividend-stocks/ibm-exxon-chevron-increase-dividends/,FinancialPlanning,ibm,0.5014536,2010-05-05
cpg5s,"Intel pulls in massive profit, good predictor of the markets turning around","Intel pulls in massive profit, good predictor of the markets turning around ",1279113725.0,2010-07-14 13:22:05,mattymomostl,1,0,1.0,,/r/personalfinance/comments/cpg5s/intel_pulls_in_massive_profit_good_predictor_of/,http://finance.yahoo.com/news/Freer-budgets-help-Intels-apf-3556542513.html?x=0,personalfinance,intel,0.5057364,2010-07-14
d66w2,Intel warns 3Q results will miss expectations,Intel warns 3Q results will miss expectations ,1282924663.0,2010-08-27 15:57:43,luster,1,0,0.67,,/r/economy/comments/d66w2/intel_warns_3q_results_will_miss_expectations/,http://finance.yahoo.com/news/Intel-warns-3Q-results-will-apf-2327254346.html?x=0&sec=topStories&pos=1&asset=&ccode=,economy,intel,0.48780265,2010-08-27
d5uae,"This week, Intel CEO Paul Otellini and Jim Tisch, CEO of Loews Corp. both blamed the President's policies for creating an environment of ""uncertainty"" that is crippling America's economy.","This week, Intel CEO Paul Otellini and Jim Tisch, CEO of Loews Corp. both blamed the President's policies for creating an environment of ""uncertainty"" that is crippling America's economy. ",1282850765.0,2010-08-26 19:26:05,luster,3,8,0.57,,/r/economy/comments/d5uae/this_week_intel_ceo_paul_otellini_and_jim_tisch/,"http://finance.yahoo.com/tech-ticker/%22the-bitter-truth%22-about-america%27s-future-big-ceos-bash-obama-535369.html;_ylt=AlC_vC5x6MNvyXYIh6D6cGm7YWsA;_ylu=X3oDMTE2dG1yY3FlBHBvcwMxMQRzZWMDdG9wU3RvcmllcwRzbGsDdGhlYml0dGVydHJ1?tickers=^DJI,^GSPC,INTC,L,XLF,DO,FXI&sec=topStories&pos=9&asset=&ccode=",economy,intel,0.4867462,2010-08-26
crcrg,"Paul Craig Roberts, Reagan's Asst Treasury Secy, and Max Keiser discuss outsourcing, free trade, the recession &  Intel CEO Andy Grove’s opinion piece on Bloomberg, “How to Make an American Job Before It’s Too Late.” ","Paul Craig Roberts, Reagan's Asst Treasury Secy, and Max Keiser discuss outsourcing, free trade, the recession &  Intel CEO Andy Grove’s opinion piece on Bloomberg, “How to Make an American Job Before It’s Too Late.”  ",1279572560.0,2010-07-19 20:49:20,Occidentalist,7,0,0.58,,/r/economy/comments/crcrg/paul_craig_roberts_reagans_asst_treasury_secy_and/,http://maxkeiser.com/2010/07/18/ote63-on-the-edge-with-paul-craig-roberts/,economy,intel,0.48974153,2010-07-19
clerl,Andy Grove [founder of Intel]: How to Make an American Job Before It's Too Late (just funding startups is not enough.),Andy Grove [founder of Intel]: How to Make an American Job Before It's Too Late (just funding startups is not enough.) ,1278097261.0,2010-07-02 19:01:01,milligram,12,2,0.88,,/r/economy/comments/clerl/andy_grove_founder_of_intel_how_to_make_an/,http://www.bloomberg.com/news/2010-07-01/how-to-make-an-american-job-before-it-s-too-late-andy-grove.html,economy,intel,0.5019322,2010-07-02
c942b,America as Export Juggernaut Led by Intel With Surge in Chips,America as Export Juggernaut Led by Intel With Surge in Chips ,1275066770.0,2010-05-28 17:12:50,Bemuzed,3,0,0.55,,/r/economy/comments/c942b/america_as_export_juggernaut_led_by_intel_with/,http://www.bloomberg.com/apps/news?pid=20601087&sid=aP4_RZp5IbHQ,economy,intel,0.49378666,2010-05-28
c8emv,Did Intel Just Throw In the Towel? AMD!!!!,Did Intel Just Throw In the Towel? AMD!!!! ,1274902805.0,2010-05-26 19:40:05,mfigueiredo,0,1,0.5,,/r/economy/comments/c8emv/did_intel_just_throw_in_the_towel_amd/,http://www.fool.com/investing/general/2010/05/26/did-intel-just-throw-in-the-towel.aspx,economy,intel,0.4825909,2010-05-26
bzinx,"Manning & Associates - Hourly, As-Needed Planning","Manning & Associates - Hourly, As-Needed Planning ",1272910041.0,2010-05-03 18:07:21,manningfinance,0,1,0.5,,/r/FinancialPlanning/comments/bzinx/manning_associates_hourly_asneeded_planning/,http://manning-financial.com/,FinancialPlanning,jack_henry_&_associates,0.4846864,2010-05-03
blsxm,Simon Johnson's Straight Talk Express (Regarding Proposed Financial Reform Legislation),Simon Johnson's Straight Talk Express (Regarding Proposed Financial Reform Legislation) ,1270248426.0,2010-04-02 22:47:06,Wordie,0,0,0.5,,/r/economy/comments/blsxm/simon_johnsons_straight_talk_express_regarding/,http://www.thewashingtonnote.com/archives/2010/04/simon_johnsons/,economy,johnson_&_johnson,0.49680448,2010-04-02
dsxfe,Johnson and Johnson Dividend Analysis (JNJ) 2010,Johnson and Johnson Dividend Analysis (JNJ) 2010 ,1287427643.0,2010-10-18 18:47:23,everydaytips,2,0,1.0,,/r/FinancialPlanning/comments/dsxfe/johnson_and_johnson_dividend_analysis_jnj_2010/,http://wp.me/pT9au-q8,FinancialPlanning,johnson_&_johnson,0.4916213,2010-10-18
bik1s,"The Whistleblower - Last night, after returning from the CFTC, GATA released these explosive emails detailing the ongoing manipulation in the silver (and gold) market, by JPMorgan Chase. ","The Whistleblower - Last night, after returning from the CFTC, GATA released these explosive emails detailing the ongoing manipulation in the silver (and gold) market, by JPMorgan Chase.  ",1269607339.0,2010-03-26 12:42:19,gst,4,0,0.75,,/r/investing/comments/bik1s/the_whistleblower_last_night_after_returning_from/,http://fofoa.blogspot.com/2010/03/whistleblower.html,investing,jpmorgan_chase,0.49605194,2010-03-26
eg0a8,Foreclosure Fraud of the Week – Two “Original” Wet Ink Notes Submitted in the Same Case by the Florida Default Law Group and JPMorgan Chase ,Foreclosure Fraud of the Week – Two “Original” Wet Ink Notes Submitted in the Same Case by the Florida Default Law Group and JPMorgan Chase  ,1291440904.0,2010-12-04 05:35:04,Kranky_Old_Dude,6,0,0.75,,/r/economy/comments/eg0a8/foreclosure_fraud_of_the_week_two_original_wet/,http://4closurefraud.org/2010/04/27/foreclosure-fraud-of-the-week-two-original-wet-ink-notes-submitted-in-the-same-case-by-the-florida-default-law-group-and-jpmorgan-chase/,economy,jpmorgan_chase,0.49737376,2010-12-04
bqr2y,JPMorgan Chase earns $3.3B in Q1 on strong trading,JPMorgan Chase earns $3.3B in Q1 on strong trading ,1271248265.0,2010-04-14 12:31:05,mizan,27,10,0.76,,/r/economy/comments/bqr2y/jpmorgan_chase_earns_33b_in_q1_on_strong_trading/,http://news.yahoo.com/s/ap/20100414/ap_on_bi_ge/us_earns_jpmorgan_chase;_ylt=AmCs6lXPiKqV5EQSU9XS69hbbBAF;_ylu=X3oDMTNjb3RrMXJvBGFzc2V0A2FwLzIwMTAwNDE0L3VzX2Vhcm5zX2pwbW9yZ2FuX2NoYXNlBGNjb2RlA21vc3Rwb3B1bGFyBGNwb3MDMwRwb3MDMwRzZWMDeW5fdG9wX3N0b3JpZXMEc2xrA2pwbW9yZ2FuY2hhcw--,economy,jpmorgan_chase,0.52086437,2010-04-14
dgtk7,"Dirty jobs: the key to America's economic and environmental renewal - A revival of the New Deal-era Civilian Conservation Corps would create jobs, restore our soil and water to health, and keep climate change in check.","Dirty jobs: the key to America's economic and environmental renewal - A revival of the New Deal-era Civilian Conservation Corps would create jobs, restore our soil and water to health, and keep climate change in check. ",1285073041.0,2010-09-21 12:44:01,Independent,10,0,0.64,,/r/economy/comments/dgtk7/dirty_jobs_the_key_to_americas_economic_and/,http://www.csmonitor.com/Commentary/Opinion/2010/0920/Dirty-jobs-the-key-to-America-s-economic-and-environmental-renewal,economy,keycorp,0.4886827,2010-09-21
dnlva,"People Power: European Activism & Constitutional Crises - across Europe there have been co-ordinated general strikes and street demonstrations showing a unity in different countries against austerity proposals, that put to shame the levels of public street activism in the US and Canada. ","People Power: European Activism & Constitutional Crises - across Europe there have been co-ordinated general strikes and street demonstrations showing a unity in different countries against austerity proposals, that put to shame the levels of public street activism in the US and Canada.  ",1286378807.0,2010-10-06 15:26:47,vradul,7,0,0.65,,/r/economy/comments/dnlva/people_power_european_activism_constitutional/,http://www.antemedius.com/content/people-power-european-activism-constitutional-crises,economy,kkr_&_co.,0.48983002,2010-10-06
bs0nr,Paulson & Co. Not Charged in SEC Suit Against Goldman,Paulson & Co. Not Charged in SEC Suit Against Goldman ,1271453536.0,2010-04-16 21:32:16,thebrightsideoflife,7,0,0.82,,/r/economy/comments/bs0nr/paulson_co_not_charged_in_sec_suit_against_goldman/,http://finance.yahoo.com/banking-budgeting/article/109333/paulson&Co-not-charged-in-sec-suit-against-goldman?mod=bb-budgeting,economy,kkr_&_co.,0.52361226,2010-04-16
avht6,Mr. Ivandjiiski & Co could be getting too close for comfort: Morgan Stanley looking into legal action against ZeroHedge,Mr. Ivandjiiski & Co could be getting too close for comfort: Morgan Stanley looking into legal action against ZeroHedge ,1264735591.0,2010-01-29 03:26:31,s0ckpuppet,26,9,0.82,,/r/economy/comments/avht6/mr_ivandjiiski_co_could_be_getting_too_close_for/,http://blog.ctnews.com/teribuhl/2010/01/28/breaking-news-morgan-stanley-looking-into-legal-action-against-zerohedge/,economy,kkr_&_co.,0.5068936,2010-01-29
eq1ob,"Las Vegas is to the real estate bubble what Detroit was to the US automobile industry – Empty condo projects, apartments poorly built to face the desert sun, and the collapse of commercial real estate.","Las Vegas is to the real estate bubble what Detroit was to the US automobile industry – Empty condo projects, apartments poorly built to face the desert sun, and the collapse of commercial real estate. ",1293048580.0,2010-12-22 20:09:40,ComradeUSA,20,8,0.7,,/r/economy/comments/eq1ob/las_vegas_is_to_the_real_estate_bubble_what/,http://www.mybudget360.com/las-vegas-real-estate-bubble-empty-condo-projects-apartments-poorly-built-commercial-real-estate/,economy,las_vegas_sands,0.49795783,2010-12-22
emlhc,Older parents - the hurts and the loves.,"Older parents - the hurts and the loves. I love my Mom, but tonight she went too far.  She booked a Las Vegas vacation without my Dad knowing and can’t remember where she booked it.  This might not seem like much to others; but it does mean something to my Dad, as he is a hard working Blue Collar ma",1292469420.0,2010-12-16 03:17:00,Imeasygng,5,6,0.7,,/r/economy/comments/emlhc/older_parents_the_hurts_and_the_loves/,https://www.reddit.com/r/economy/comments/emlhc/older_parents_the_hurts_and_the_loves/,economy,las_vegas_sands,0.48683846,2010-12-16
e282h,Las Vegas city has 3 times the rentals of Los Angeles city and L.A. has 6 times the population – U-Haul rate trends and home sales higher in Las Vegas than peak months of the bubble driven by absentee investors.,Las Vegas city has 3 times the rentals of Los Angeles city and L.A. has 6 times the population – U-Haul rate trends and home sales higher in Las Vegas than peak months of the bubble driven by absentee investors. ,1289070739.0,2010-11-06 19:12:19,sarahsmithy,3,2,0.62,,/r/economy/comments/e282h/las_vegas_city_has_3_times_the_rentals_of_los/,http://www.mybudget360.com/las-vegas-city-has-3-times-the-rentals-of-los-angeles-city-and-l-a-has-6-times-the-population-u-haul-rate-trends-and-home-sales/,economy,las_vegas_sands,0.5068062,2010-11-06
dxl9d,Haunting Images Of Post-Boom Las Vegas (PHOTOS),Haunting Images Of Post-Boom Las Vegas (PHOTOS) ,1288249551.0,2010-10-28 07:05:51,Kranky_Old_Dude,0,1,0.5,,/r/economy/comments/dxl9d/haunting_images_of_postboom_las_vegas_photos/,http://www.huffingtonpost.com/2010/10/27/las_vegas_foreclosures_unemployment_nevada__n_774257.html#165747,economy,las_vegas_sands,0.48708764,2010-10-28
cetd3,The Death Of Las Vegas:  There is something about the demise of Las Vegas that is absolutely stunning,The Death Of Las Vegas:  There is something about the demise of Las Vegas that is absolutely stunning ,1276523535.0,2010-06-14 13:52:15,Rhiannon,2,4,0.54,,/r/economy/comments/cetd3/the_death_of_las_vegas_there_is_something_about/,http://www.lewrockwell.com/spl2/death-of-las-vegas.html,economy,las_vegas_sands,0.49153146,2010-06-14
ceshj,The Death Of Las Vegas ,The Death Of Las Vegas  ,1276518252.0,2010-06-14 12:24:12,gst,14,9,0.63,,/r/economy/comments/ceshj/the_death_of_las_vegas/,http://theeconomiccollapseblog.com/archives/the-death-of-las-vegas,economy,las_vegas_sands,0.49106082,2010-06-14
cbsgl,The growing condo shadow inventory – CityCenter in Las Vegas and Lexington Park in Chicago. The shadow inventory that is crushing commercial real estate.,The growing condo shadow inventory – CityCenter in Las Vegas and Lexington Park in Chicago. The shadow inventory that is crushing commercial real estate. ,1275754387.0,2010-06-05 16:13:07,ComradeUSA,4,0,0.63,,/r/economy/comments/cbsgl/the_growing_condo_shadow_inventory_citycenter_in/,http://www.mybudget360.com/commercial-real-estate-shadow-inventory-citycenter-las-vegas-chicago-lexington-park-condos/,economy,las_vegas_sands,0.4990815,2010-06-05
bctsf,Las Vegas jobless rate hits all-time high of 13.1 percent ,Las Vegas jobless rate hits all-time high of 13.1 percent  ,1268459370.0,2010-03-13 05:49:30,frycook,9,0,0.74,,/r/economy/comments/bctsf/las_vegas_jobless_rate_hits_alltime_high_of_131/,http://www.lvrj.com/news/breaking_news/53936227.html,economy,las_vegas_sands,0.49271297,2010-03-13
dqfjc,"4 Kings Bail Bonds offers bail bonds in Las Vegas, Summerlin, Henderson & North Las Vegas.  Professional, reliable & licensed Las Vegas bail bondsman.","4 Kings Bail Bonds offers bail bonds in Las Vegas, Summerlin, Henderson & North Las Vegas.  Professional, reliable & licensed Las Vegas bail bondsman. ",1286929154.0,2010-10-13 00:19:14,4kingsbailbonds,0,1,0.25,,/r/FinancialPlanning/comments/dqfjc/4_kings_bail_bonds_offers_bail_bonds_in_las_vegas/,http://www.4kingsbailbonds.com,FinancialPlanning,las_vegas_sands,0.49713826,2010-10-13
ef3nt,Citi Platinum Select MasterCard 24 Month Balance Transfer,Citi Platinum Select MasterCard 24 Month Balance Transfer ,1291312043.0,2010-12-02 17:47:23,doughr,1,0,0.6,,/r/FinancialPlanning/comments/ef3nt/citi_platinum_select_mastercard_24_month_balance/,http://www.doughroller.net/credit-cards/citi-platinum-select-mastercard-24-month-balance-transfer/,FinancialPlanning,mastercard,0.5046865,2010-12-02
dj499,I need some help with credit cards!,"I need some help with credit cards! I'm a college student with a steady (albeit small) income who is looking for a card to use in emergencies. My car broke down and it took everything I had saved to fix it, so the rest of the month was really tight until payday. I realized that it might be useful to",1285519159.0,2010-09-26 16:39:19,lettersandnumbers,2,1,0.75,,/r/FinancialPlanning/comments/dj499/i_need_some_help_with_credit_cards/,https://www.reddit.com/r/FinancialPlanning/comments/dj499/i_need_some_help_with_credit_cards/,FinancialPlanning,mastercard,0.4784596,2010-09-26
dr3hu,"Report Snipes at TARP Ties to Fannie & Freddie - 
The U.S. Treasury Department has relied heavily on private companies & troubled mortgage giants Fannie Mae & Freddie Mac to manage the $700 billion Wall Street bailout","Report Snipes at TARP Ties to Fannie & Freddie - 
The U.S. Treasury Department has relied heavily on private companies & troubled mortgage giants Fannie Mae & Freddie Mac to manage the $700 billion Wall Street bailout ",1287050302.0,2010-10-14 09:58:22,anutensil,2,0,0.6,,/r/economy/comments/dr3hu/report_snipes_at_tarp_ties_to_fannie_freddie_the/,http://dealbook.blogs.nytimes.com/2010/10/14/report-snipes-at-tarp-ties-to-fannie-and-freddie/?src=twr,economy,mccormick_&_company,0.49148646,2010-10-14
dnlva,"People Power: European Activism & Constitutional Crises - across Europe there have been co-ordinated general strikes and street demonstrations showing a unity in different countries against austerity proposals, that put to shame the levels of public street activism in the US and Canada. ","People Power: European Activism & Constitutional Crises - across Europe there have been co-ordinated general strikes and street demonstrations showing a unity in different countries against austerity proposals, that put to shame the levels of public street activism in the US and Canada.  ",1286378807.0,2010-10-06 15:26:47,vradul,8,0,0.68,,/r/economy/comments/dnlva/people_power_european_activism_constitutional/,http://www.antemedius.com/content/people-power-european-activism-constitutional-crises,economy,merck_&_co.,0.48983002,2010-10-06
bs0nr,Paulson & Co. Not Charged in SEC Suit Against Goldman,Paulson & Co. Not Charged in SEC Suit Against Goldman ,1271453536.0,2010-04-16 21:32:16,thebrightsideoflife,7,0,0.77,,/r/economy/comments/bs0nr/paulson_co_not_charged_in_sec_suit_against_goldman/,http://finance.yahoo.com/banking-budgeting/article/109333/paulson&Co-not-charged-in-sec-suit-against-goldman?mod=bb-budgeting,economy,merck_&_co.,0.52361226,2010-04-16
avht6,Mr. Ivandjiiski & Co could be getting too close for comfort: Morgan Stanley looking into legal action against ZeroHedge,Mr. Ivandjiiski & Co could be getting too close for comfort: Morgan Stanley looking into legal action against ZeroHedge ,1264735591.0,2010-01-29 03:26:31,s0ckpuppet,25,9,0.81,,/r/economy/comments/avht6/mr_ivandjiiski_co_could_be_getting_too_close_for/,http://blog.ctnews.com/teribuhl/2010/01/28/breaking-news-morgan-stanley-looking-into-legal-action-against-zerohedge/,economy,merck_&_co.,0.5068936,2010-01-29
eeskx,Personal Accountz - The Affordable Microsoft Money Alternative!,Personal Accountz - The Affordable Microsoft Money Alternative! ,1291247067.0,2010-12-01 23:44:27,markbell10,1,0,0.67,,/r/FinancialPlanning/comments/eeskx/personal_accountz_the_affordable_microsoft_money/,http://frugallivingtips.net/personal-accountz-the-affordable-microsoft-money-alternative/,FinancialPlanning,microsoft,0.49127933,2010-12-01
budqs,"Morgan Stanley posts $1.78 billion for the quarter - are they saving it for the next crisis, or are they counting on ""financial reform"" to guarantee a bailout?","Morgan Stanley posts $1.78 billion for the quarter - are they saving it for the next crisis, or are they counting on ""financial reform"" to guarantee a bailout? ",1271899914.0,2010-04-22 01:31:54,thebrightsideoflife,10,9,0.68,,/r/economy/comments/budqs/morgan_stanley_posts_178_billion_for_the_quarter/,http://online.wsj.com/article/SB10001424052748704133804575197762835218800.html?mod=WSJ_Markets_MIDDLETopNews,economy,morgan_stanley,0.49691367,2010-04-22
b18l4,"Morgan Stanley: If Greece Leaves The Euro, It's Over","Morgan Stanley: If Greece Leaves The Euro, It's Over ",1265978062.0,2010-02-12 12:34:22,gst,0,0,0.5,,/r/economy/comments/b18l4/morgan_stanley_if_greece_leaves_the_euro_its_over/,http://www.businessinsider.com/morgan-stanley-greece-has-to-do-whatever-europe-says-because-leaving-the-euro-would-destroy-the-country-2010-2?utm_source=feedburner&utm_medium=feed&utm_campaign=Feed%3A+clusterstock+%28ClusterStock%29&utm_content=Google+Reader,economy,morgan_stanley,0.5007242,2010-02-12
azr2n,"Central bankers to meet in Australia to discuss looming new crisis.  [we see] ""really serious sovereign risk in developed economies,"" says Gerard Minack, the head of brokerage Morgan Stanley's Australian operations","Central bankers to meet in Australia to discuss looming new crisis.  [we see] ""really serious sovereign risk in developed economies,"" says Gerard Minack, the head of brokerage Morgan Stanley's Australian operations ",1265688954.0,2010-02-09 04:15:54,DougDante,2,0,0.57,,/r/economy/comments/azr2n/central_bankers_to_meet_in_australia_to_discuss/,"http://www.earthtimes.org/articles/show/307795,central-bankers-to-meet-in-australia-to-discuss-looming-new-crisis.html",economy,morgan_stanley,0.4974181,2010-02-09
avht6,Mr. Ivandjiiski & Co could be getting too close for comfort: Morgan Stanley looking into legal action against ZeroHedge,Mr. Ivandjiiski & Co could be getting too close for comfort: Morgan Stanley looking into legal action against ZeroHedge ,1264735591.0,2010-01-29 03:26:31,s0ckpuppet,25,9,0.81,,/r/economy/comments/avht6/mr_ivandjiiski_co_could_be_getting_too_close_for/,http://blog.ctnews.com/teribuhl/2010/01/28/breaking-news-morgan-stanley-looking-into-legal-action-against-zerohedge/,economy,morgan_stanley,0.5068936,2010-01-29
ejmq3,Sign of the times: Netflix replaces New York Times on S&P 500,Sign of the times: Netflix replaces New York Times on S&P 500 ,1292001416.0,2010-12-10 17:16:56,2ply,120,7,0.95,,/r/economy/comments/ejmq3/sign_of_the_times_netflix_replaces_new_york_times/,http://news.cnet.com/8301-13577_3-20025279-36.html,economy,netflix,0.5155958,2010-12-10
eacyu,Netflix Raises Prices,Netflix Raises Prices ,1290491637.0,2010-11-23 05:53:57,ruddigars,6,0,0.64,,/r/FinancialPlanning/comments/eacyu/netflix_raises_prices/,http://knsfinancial.com/netflix-raises-prices/,FinancialPlanning,netflix,0.5080885,2010-11-23
c5aun,The DoughRoller Weekly RoundUp (Why is Netflix Advertising for Blockbuster Edition),The DoughRoller Weekly RoundUp (Why is Netflix Advertising for Blockbuster Edition) ,1274129382.0,2010-05-17 20:49:42,ThatsAllFolks,3,0,0.8,,/r/FinancialPlanning/comments/c5aun/the_doughroller_weekly_roundup_why_is_netflix/,http://www.doughroller.net/personal-finance/the-doughroller-weekly-roundup-why-is-netflix-advertising-for-blockbuster-edition/,FinancialPlanning,netflix,0.4951821,2010-05-17
dhioq,Earnings Preview: Nike Inc.,Earnings Preview: Nike Inc. ,1285187950.0,2010-09-22 20:39:10,rexjoec,1,0,1.0,,/r/investing/comments/dhioq/earnings_preview_nike_inc/,http://www.zacks.com/stock/news/40459/Earnings+Preview%3A+Nike+Inc.,investing,"nike,_inc.",0.4793658,2010-09-22
eln0k,Some Concerns About Using PayPal While Traveling | AlmostFearless.com,Some Concerns About Using PayPal While Traveling | AlmostFearless.com ,1292336850.0,2010-12-14 14:27:30,Designthing,1,1,0.6,,/r/economy/comments/eln0k/some_concerns_about_using_paypal_while_traveling/,http://almostfearless.com/2010/12/14/some-concerns-about-using-paypal-while-traveling/?utm_source=feedburner&utm_medium=feed&utm_campaign=Feed%3A+Almostfearless+%28Almost+Fearless%29&utm_content=Google+Reader,economy,paypal,0.49471802,2010-12-14
bmrao,"Pfizer Caught Illegally Marketing Bextra, Feds Won't Prosecute Because ""Pfizer Too Big To Nail""","Pfizer Caught Illegally Marketing Bextra, Feds Won't Prosecute Because ""Pfizer Too Big To Nail"" ",1270491067.0,2010-04-05 18:11:07,DrDm,103,10,0.95,,/r/economy/comments/bmrao/pfizer_caught_illegally_marketing_bextra_feds/,http://globaleconomicanalysis.blogspot.com/2010/04/pfizer-caught-illegally-marketing.html,economy,pfizer,0.513586,2010-04-05
c0z2a,"The Graph of Proctor & Gamble, supposed CIT slip-up.  Can one stock really crash a market via correlations?","The Graph of Proctor & Gamble, supposed CIT slip-up.  Can one stock really crash a market via correlations? ",1273221559.0,2010-05-07 08:39:19,Fauster,1,2,0.67,,/r/stocks/comments/c0z2a/the_graph_of_proctor_gamble_supposed_cit_slipup/,http://imgur.com/LpmRZ,stocks,procter_&_gamble,0.49792212,2010-05-07
c0qsx,Procter &Gamble: Something Strange Was Going On,Procter &Gamble: Something Strange Was Going On ,1273176895.0,2010-05-06 20:14:55,xjarchaeologist,6,0,0.68,,/r/economy/comments/c0qsx/procter_gamble_something_strange_was_going_on/,http://blogs.wsj.com/marketbeat/2010/05/06/procter-gamble-something-strange-was-going-on/?mod=wsj_share_reddit,economy,procter_&_gamble,0.48566782,2010-05-06
c4edv,"Euro: The Worst is Yet To Come - They need to let one country default; this will send a strong message to the others that if they don't wake up, a sledge hammer is going to fall right on their heads and snap them out of their coma.","Euro: The Worst is Yet To Come - They need to let one country default; this will send a strong message to the others that if they don't wake up, a sledge hammer is going to fall right on their heads and snap them out of their coma. ",1273911567.0,2010-05-15 08:19:27,gst,3,4,0.58,,/r/economy/comments/c4edv/euro_the_worst_is_yet_to_come_they_need_to_let/,http://www.safehaven.com/article/16804/euro-the-worst-is-yet-to-come?utm_source=feedburner&utm_medium=feed&utm_campaign=Feed%3A+safehaven%2Fall-articles+%28Safehaven+-+Most+Recent+Articles%29&utm_content=Google+Reader,economy,snap-on,0.5069447,2010-05-15
c93gh,I need advice on raising my credit for a car loan.,"I need advice on raising my credit for a car loan. I am having to get a new car for myself in the very near future. I would like to get favorable loan terms from either a credit union or a dealership, but unfortunately I don't really have much credit. 

I guess I have to open a credit card, and make",1275063549.0,2010-05-28 16:19:09,gottyguy7,3,5,1.0,,/r/FinancialPlanning/comments/c93gh/i_need_advice_on_raising_my_credit_for_a_car_loan/,https://www.reddit.com/r/FinancialPlanning/comments/c93gh/i_need_advice_on_raising_my_credit_for_a_car_loan/,FinancialPlanning,southern_company,0.4835044,2010-05-28
avht6,Mr. Ivandjiiski & Co could be getting too close for comfort: Morgan Stanley looking into legal action against ZeroHedge,Mr. Ivandjiiski & Co could be getting too close for comfort: Morgan Stanley looking into legal action against ZeroHedge ,1264735591.0,2010-01-29 03:26:31,s0ckpuppet,28,9,0.82,,/r/economy/comments/avht6/mr_ivandjiiski_co_could_be_getting_too_close_for/,http://blog.ctnews.com/teribuhl/2010/01/28/breaking-news-morgan-stanley-looking-into-legal-action-against-zerohedge/,economy,stanley_black_&_decker,0.5068936,2010-01-29
djhku,Tell Us How You Would Use Your Cash Back – And Win A Starbucks Gift Card Or $25 Cash,Tell Us How You Would Use Your Cash Back – And Win A Starbucks Gift Card Or $25 Cash ,1285596161.0,2010-09-27 14:02:41,smartonmoney,3,0,0.6,,/r/FinancialPlanning/comments/djhku/tell_us_how_you_would_use_your_cash_back_and_win/,http://www.biblemoneymatters.com/2010/09/cash-back-rewards-can-help-you-save-win-a-starbucks-gift-card-or-cash.html,FinancialPlanning,starbucks,0.48649764,2010-09-27
bjub7,Starbucks Offers First Cash Dividend,Starbucks Offers First Cash Dividend ,1269892047.0,2010-03-29 19:47:27,Absilon,7,0,0.89,,/r/FinancialPlanning/comments/bjub7/starbucks_offers_first_cash_dividend/,http://PassiveIncomeInvestor.com/dividend-stocks/starbucks-offers-first-cash-dividend/,FinancialPlanning,starbucks,0.5141044,2010-03-29
c121d,Post Black Thursday Synopsis ,Post Black Thursday Synopsis  ,1273237893.0,2010-05-07 13:11:33,gst,1,0,1.0,,/r/investing/comments/c121d/post_black_thursday_synopsis/,http://evilspeculator.com/?p=16044,investing,synopsys,0.4710731,2010-05-07
drmiy,Ask FinPlan-it(?): I have absolutely no idea what I'm doing,"Ask FinPlan-it(?): I have absolutely no idea what I'm doing Hopefully this is the right place for this. Sorry it's so long.

I'll put this here: tldr; I have a ton of money sitting in a low apr savings account, low monthly expenses and no idea what to do with what I'm saving. I have a retirement acc",1287150484.0,2010-10-15 13:48:04,traveleering,1,2,0.67,,/r/FinancialPlanning/comments/drmiy/ask_finplanit_i_have_absolutely_no_idea_what_im/,https://www.reddit.com/r/FinancialPlanning/comments/drmiy/ask_finplanit_i_have_absolutely_no_idea_what_im/,FinancialPlanning,travelers_companies_(the),0.49333438,2010-10-15
br11v,"Finally, a Stable Reserve Currency to Replace the Dollar - Nations will finally be able to systematically liquidate their rapidly devaluing Dollar reserves and build new holdings in the more stable and safer [...] world currency unit to allow [...] trade across national boundaries... ","Finally, a Stable Reserve Currency to Replace the Dollar - Nations will finally be able to systematically liquidate their rapidly devaluing Dollar reserves and build new holdings in the more stable and safer [...] world currency unit to allow [...] trade across national boundaries...  ",1271288913.0,2010-04-14 23:48:33,vradul,0,2,0.33,,/r/economy/comments/br11v/finally_a_stable_reserve_currency_to_replace_the/,http://www.antemedius.com/content/wocu-here-finally-stable-reserve-currency-replace-dollar,economy,united_airlines_holdings,0.48866707,2010-04-14
e4b3h,"As Foreclosure Crisis Deepens, Another Servicer Scam Exposed  -  Goldman Sachs’ mortgage servicing unit has suspended evictions and foreclosures in some states, according to a regulatory filing Tuesday","As Foreclosure Crisis Deepens, Another Servicer Scam Exposed  -  Goldman Sachs’ mortgage servicing unit has suspended evictions and foreclosures in some states, according to a regulatory filing Tuesday ",1289433141.0,2010-11-10 23:52:21,Kranky_Old_Dude,4,0,0.75,,/r/economy/comments/e4b3h/as_foreclosure_crisis_deepens_another_servicer/,http://news.firedoglake.com/2010/11/10/as-foreclosure-crisis-deepens-another-servicer-scam-exposed/,economy,united_parcel_service,0.49744207,2010-11-10
bxxp4,Denial of Service: Don't believe the telecoms. Broadband access in the United States is even worse than you think.,Denial of Service: Don't believe the telecoms. Broadband access in the United States is even worse than you think. ,1272560888.0,2010-04-29 17:08:08,therealjerrystaute,3,0,0.64,,/r/economy/comments/bxxp4/denial_of_service_dont_believe_the_telecoms/,http://www.slate.com/id/2252141/,economy,united_parcel_service,0.49727,2010-04-29
dmmzh,Verizon to Send Refunds to 15 million Customers!,Verizon to Send Refunds to 15 million Customers! ,1286204874.0,2010-10-04 15:07:54,ruddigars,3,0,0.61,,/r/FinancialPlanning/comments/dmmzh/verizon_to_send_refunds_to_15_million_customers/,http://knsfinancial.com/verizon-to-send-refunds-to-15-million-customers/,FinancialPlanning,verizon,0.49198514,2010-10-04
eaxag,Black Friday 2010 Deals: Walmart to Offer Price Matching,Black Friday 2010 Deals: Walmart to Offer Price Matching ,1290573166.0,2010-11-24 04:32:46,ruddigars,2,0,0.55,,/r/FinancialPlanning/comments/eaxag/black_friday_2010_deals_walmart_to_offer_price/,http://knsfinancial.com/black-friday-2010-deals-walmart-to-offer-price-matching/,FinancialPlanning,walmart,0.51414245,2010-11-24
e96yb,Black Friday 2010 Deals: Walmart,Black Friday 2010 Deals: Walmart ,1290279423.0,2010-11-20 18:57:03,ruddigars,6,0,0.65,,/r/FinancialPlanning/comments/e96yb/black_friday_2010_deals_walmart/,http://knsfinancial.com/black-friday-2010-deals-walmart/,FinancialPlanning,walmart,0.50200486,2010-11-20
e95vq,Question: A semi-liquid investment with minimal fees?,"Question: A semi-liquid investment with minimal fees? Scenario:  There is $70,000 to be invested.  It probably won't be needed for at least 4 years for grad school for a current college freshman.  Conceivably could be needed sooner.

One investment option, a money market fund of some sort has a 4% i",1290274266.0,2010-11-20 17:31:06,dreamersblues,2,0,0.67,,/r/FinancialPlanning/comments/e95vq/question_a_semiliquid_investment_with_minimal_fees/,https://www.reddit.com/r/FinancialPlanning/comments/e95vq/question_a_semiliquid_investment_with_minimal_fees/,FinancialPlanning,waste_management,0.488932,2010-11-20
e6z9i,"The Last Refuge of Failed Economic Empires and Banana Republics - about the Obama's deficit commission recs for massive cuts across the budget, most significantly to Social Security and health care programs, about the growing street protests in London, and about the corporate push to privatize water","The Last Refuge of Failed Economic Empires and Banana Republics - about the Obama's deficit commission recs for massive cuts across the budget, most significantly to Social Security and health care programs, about the growing street protests in London, and about the corporate push to privatize water",1289919908.0,2010-11-16 15:05:08,vradul,1,2,0.53,,/r/economy/comments/e6z9i/the_last_refuge_of_failed_economic_empires_and/,http://www.antemedius.com/content/last-refuge-failed-economic-empires-and-banana-republics,economy,waters_corporation,0.48216343,2010-11-16
er1vc,Woo-hoo! Wells Fargo loses major fraud suit in Minnesota! ,Woo-hoo! Wells Fargo loses major fraud suit in Minnesota!  ,1293224046.0,2010-12-24 20:54:06,Kranky_Old_Dude,61,5,0.84,,/r/economy/comments/er1vc/woohoo_wells_fargo_loses_major_fraud_suit_in/,http://www.nakedcapitalism.com/2010/12/fraud-ruling-against-wells-fargo-in-minnesota-points-to-widespread-abuses-in-securities-lending-program.html,economy,wells_fargo,0.5059253,2010-12-24
e0ylk,"In Maryland, Attorneys ask courts to toss out foreclosure cases - Motions focus on 'robo-signers' with GMAC, Wells Fargo","In Maryland, Attorneys ask courts to toss out foreclosure cases - Motions focus on 'robo-signers' with GMAC, Wells Fargo ",1288838643.0,2010-11-04 02:44:03,Kranky_Old_Dude,9,0,0.78,,/r/economy/comments/e0ylk/in_maryland_attorneys_ask_courts_to_toss_out/,http://articles.baltimoresun.com/2010-11-01/business/bs-bz-foreclosure-challenges-20101028_1_foreclosure-cases-foreclosure-process-baltimore-case,economy,wells_fargo,0.50206393,2010-11-04
dvxos,"JPMorgan, Wells Fargo and BofA each hold more than $20 billion in foreclosures - ""In addition, for each dollar these banks held of mortgages in  foreclosure, they had additional exposure to more than $2 in mortgages that are 30 days or more past due.""","JPMorgan, Wells Fargo and BofA each hold more than $20 billion in foreclosures - ""In addition, for each dollar these banks held of mortgages in  foreclosure, they had additional exposure to more than $2 in mortgages that are 30 days or more past due."" ",1287985306.0,2010-10-25 05:41:46,Kranky_Old_Dude,2,0,0.75,,/r/economy/comments/dvxos/jpmorgan_wells_fargo_and_bofa_each_hold_more_than/,http://www.housingwire.com/2010/10/22/jpmorgan-wells-fargo-and-bofa-each-hold-more-than-20-billion-in-foreclosures,economy,wells_fargo,0.50312704,2010-10-25
dvbou,"""there's nothing that was attached that shows anything to support the transfer from United Mortgage Corp. to Wells Fargo,"" - banks don't need evidence - the rest of us do","""there's nothing that was attached that shows anything to support the transfer from United Mortgage Corp. to Wells Fargo,"" - banks don't need evidence - the rest of us do ",1287845320.0,2010-10-23 14:48:40,tazebot,16,1,0.81,,/r/economy/comments/dvbou/theres_nothing_that_was_attached_that_shows/,http://www.npr.org/templates/story/story.php?storyId=130729666,economy,wells_fargo,0.48631376,2010-10-23
dpbn7,"I saved $53k in 20 minutes, wells fargo STREAMLINED REFINANCE program, mortgage","I saved $53k in 20 minutes, wells fargo STREAMLINED REFINANCE program, mortgage ",1286722616.0,2010-10-10 14:56:56,embracechaos,0,0,0.22,,/r/FinancialPlanning/comments/dpbn7/i_saved_53k_in_20_minutes_wells_fargo_streamlined/,http://wp.me/pKwOD-ee,FinancialPlanning,wells_fargo,0.4828116,2010-10-10
